<?xml version="1.0" encoding="UTF-8" ?>
<OpenSimDocument Version="30000">
	<ForceSet name="MySpine_Reserve_Actuators">
		<objects>
        <!-- Actuators on the base segement are called Residual actuators 
             whose forces account for the errors in the model, its kinematic
             that do not balance with experimental ground reaction forces -->
			 
				<!-- Pelvis start -->
				<PointActuator name="FX">
				 <!--Flag indicating whether the force is disabled or not. Disabled means that the force is not active in subsequent dynamics realizations.-->
				 <isDisabled>false</isDisabled>
				 <!--Minimum allowed value for control signal. Used primarily when solving for control values.-->
				 <min_control>-Inf</min_control>
				 <!--Maximum allowed value for control signal. Used primarily when solving for control values.-->
				 <max_control>Inf</max_control>
				 <!--Name of Body to which this actuator is applied.-->
				 <body>pelvis</body>
				 <!--Location of application point; in body frame unless point_is_global=true-->
				 <point>-0.029475 -0.0713832 -0.0204058</point>
				 <!--Interpret point in Ground frame if true; otherwise, body frame.-->
				 <point_is_global>false</point_is_global>
				 <!--Force application direction; in body frame unless force_is_global=true.-->
				 <direction>1 0 0</direction>
				 <!--Interpret direction in Ground frame if true; otherwise, body frame.-->
				 <force_is_global>true</force_is_global>
				 <!--The maximum force produced by this actuator when fully activated.-->
				 <optimal_force>100</optimal_force>
				 </PointActuator>
				<PointActuator name="FY">
				 <!--Flag indicating whether the force is disabled or not. Disabled means that the force is not active in subsequent dynamics realizations.-->
				 <isDisabled>false</isDisabled>
				 <!--Minimum allowed value for control signal. Used primarily when solving for control values.-->
				 <min_control>-Inf</min_control>
				 <!--Maximum allowed value for control signal. Used primarily when solving for control values.-->
				 <max_control>Inf</max_control>
				 <!--Name of Body to which this actuator is applied.-->
				 <body>pelvis</body>
				 <!--Location of application point; in body frame unless point_is_global=true-->
				 <point>-0.029475 -0.0713832 -0.0204058</point>
				 <!--Interpret point in Ground frame if true; otherwise, body frame.-->
				 <point_is_global>false</point_is_global>
				 <!--Force application direction; in body frame unless force_is_global=true.-->
				 <direction>0 1 0</direction>
				 <!--Interpret direction in Ground frame if true; otherwise, body frame.-->
				 <force_is_global>true</force_is_global>
				 <!--The maximum force produced by this actuator when fully activated.-->
				 <optimal_force>100</optimal_force>
				 </PointActuator>
				<PointActuator name="FZ">
				 <!--Flag indicating whether the force is disabled or not. Disabled means that the force is not active in subsequent dynamics realizations.-->
				 <isDisabled>false</isDisabled>
				 <!--Minimum allowed value for control signal. Used primarily when solving for control values.-->
				 <min_control>-Inf</min_control>
				 <!--Maximum allowed value for control signal. Used primarily when solving for control values.-->
				 <max_control>Inf</max_control>
				 <!--Name of Body to which this actuator is applied.-->
				 <body>pelvis</body>
				 <!--Location of application point; in body frame unless point_is_global=true-->
				 <point>-0.029475 -0.0713832 -0.0204058</point>
				 <!--Interpret point in Ground frame if true; otherwise, body frame.-->
				 <point_is_global>false</point_is_global>
				 <!--Force application direction; in body frame unless force_is_global=true.-->
				 <direction>0 0 1</direction>
				 <!--Interpret direction in Ground frame if true; otherwise, body frame.-->
				 <force_is_global>true</force_is_global>
				 <!--The maximum force produced by this actuator when fully activated.-->
				 <optimal_force>100</optimal_force>
				 </PointActuator>
				<TorqueActuator name="MX">
				 <!--Flag indicating whether the force is disabled or not. Disabled means that the force is not active in subsequent dynamics realizations.-->
				 <isDisabled>false</isDisabled>
				 <!--Minimum allowed value for control signal. Used primarily when solving for control values.-->
				 <min_control>-Inf</min_control>
				 <!--Maximum allowed value for control signal. Used primarily when solving for control values.-->
				 <max_control>Inf</max_control>
				 <!--Name of Body to which the torque actuator is applied.-->
				 <bodyA>pelvis</bodyA>
				 <!--Name of Body to which the equal and opposite torque is applied.-->
				 <bodyB>ground</bodyB>
				 <!--Interpret axis in Ground frame if true; otherwise, body A's frame.-->
				 <torque_is_global>true</torque_is_global>
				 <!--Fixed direction about which torque is applied, in Ground or body A frame depending on 'torque_is_global' property.-->
				 <axis>1 0 0</axis>
				 <!--The maximum torque produced by this actuator when fully activated.-->
				 <optimal_force>100</optimal_force>
				 </TorqueActuator>
 				<TorqueActuator name="MY">
				 <!--Flag indicating whether the force is disabled or not. Disabled means that the force is not active in subsequent dynamics realizations.-->
				 <isDisabled>false</isDisabled>
				 <!--Minimum allowed value for control signal. Used primarily when solving for control values.-->
				 <min_control>-Inf</min_control>
				 <!--Maximum allowed value for control signal. Used primarily when solving for control values.-->
				 <max_control>Inf</max_control>
				 <!--Name of Body to which the torque actuator is applied.-->
				 <bodyA>pelvis</bodyA>
				 <!--Name of Body to which the equal and opposite torque is applied.-->
				 <bodyB>ground</bodyB>
				 <!--Interpret axis in Ground frame if true; otherwise, body A's frame.-->
				 <torque_is_global>true</torque_is_global>
				 <!--Fixed direction about which torque is applied, in Ground or body A frame depending on 'torque_is_global' property.-->
				 <axis>0 1 0</axis>
				 <!--The maximum torque produced by this actuator when fully activated.-->
				 <optimal_force>100</optimal_force>
				 </TorqueActuator>
 				<TorqueActuator name="MZ">
				 <!--Flag indicating whether the force is disabled or not. Disabled means that the force is not active in subsequent dynamics realizations.-->
				 <isDisabled>false</isDisabled>
				 <!--Minimum allowed value for control signal. Used primarily when solving for control values.-->
				 <min_control>-Inf</min_control>
				 <!--Maximum allowed value for control signal. Used primarily when solving for control values.-->
				 <max_control>Inf</max_control>
				 <!--Name of Body to which the torque actuator is applied.-->
				 <bodyA>pelvis</bodyA>
				 <!--Name of Body to which the equal and opposite torque is applied.-->
				 <bodyB>ground</bodyB>
				 <!--Interpret axis in Ground frame if true; otherwise, body A's frame.-->
				 <torque_is_global>true</torque_is_global>
				 <!--Fixed direction about which torque is applied, in Ground or body A frame depending on 'torque_is_global' property.-->
				 <axis>0 0 1</axis>
				 <!--The maximum torque produced by this actuator when fully activated.-->
				 <optimal_force>100</optimal_force>
				 </TorqueActuator>
 				
			
				<!-- Pelvis end -->
				
				<!-- Abs start -->
				<CoordinateActuator name="Abs_FE_actuator">
					<!--Flag indicating whether the force is disabled or not. Disabled means that the force is not active in subsequent dynamics realizations.-->
					<isDisabled>false</isDisabled>
					<!--Minimum allowed value for control signal. Used primarily when solving for control values.-->
					<min_control>-Inf</min_control>
					<!--Maximum allowed value for control signal. Used primarily when solving for control values.-->
					<max_control>Inf</max_control>
					<!--Name of the generalized coordinate to which the actuator applies.-->
					<coordinate>Abs_FE</coordinate>
					<!--The maximum generalized force produced by this actuator.-->
					<optimal_force>20</optimal_force>
				</CoordinateActuator>
				<CoordinateActuator name="Abs_LB_actuator">
					<!--Flag indicating whether the force is disabled or not. Disabled means that the force is not active in subsequent dynamics realizations.-->
					<isDisabled>false</isDisabled>
					<!--Minimum allowed value for control signal. Used primarily when solving for control values.-->
					<min_control>-Inf</min_control>
					<!--Maximum allowed value for control signal. Used primarily when solving for control values.-->
					<max_control>Inf</max_control>
					<!--Name of the generalized coordinate to which the actuator applies.-->
					<coordinate>Abs_LB</coordinate>
					<!--The maximum generalized force produced by this actuator.-->
					<optimal_force>20</optimal_force>
				</CoordinateActuator>
				<CoordinateActuator name="Abs_AR_actuator">
					<!--Flag indicating whether the force is disabled or not. Disabled means that the force is not active in subsequent dynamics realizations.-->
					<isDisabled>false</isDisabled>
					<!--Minimum allowed value for control signal. Used primarily when solving for control values.-->
					<min_control>-Inf</min_control>
					<!--Maximum allowed value for control signal. Used primarily when solving for control values.-->
					<max_control>Inf</max_control>
					<!--Name of the generalized coordinate to which the actuator applies.-->
					<coordinate>Abs_AR</coordinate>
					<!--The maximum generalized force produced by this actuator.-->
					<optimal_force>20</optimal_force>
				</CoordinateActuator>
				<!-- Abs end -->
				
				<!-- Legs start -->
				<CoordinateActuator name="hip_flexion_r_actuator">
					<!--Flag indicating whether the force is disabled or not. Disabled means that the force is not active in subsequent dynamics realizations.-->
					<isDisabled>false</isDisabled>
					<!--Minimum allowed value for control signal. Used primarily when solving for control values.-->
					<min_control>-Inf</min_control>
					<!--Maximum allowed value for control signal. Used primarily when solving for control values.-->
					<max_control>Inf</max_control>
					<!--Name of the generalized coordinate to which the actuator applies.-->
					<coordinate>hip_flexion_r</coordinate>
					<!--The maximum generalized force produced by this actuator.-->
					<optimal_force>1000</optimal_force>
				</CoordinateActuator>
				<CoordinateActuator name="hip_adduction_r_actuator">
					<!--Flag indicating whether the force is disabled or not. Disabled means that the force is not active in subsequent dynamics realizations.-->
					<isDisabled>false</isDisabled>
					<!--Minimum allowed value for control signal. Used primarily when solving for control values.-->
					<min_control>-Inf</min_control>
					<!--Maximum allowed value for control signal. Used primarily when solving for control values.-->
					<max_control>Inf</max_control>
					<!--Name of the generalized coordinate to which the actuator applies.-->
					<coordinate>hip_adduction_r</coordinate>
					<!--The maximum generalized force produced by this actuator.-->
					<optimal_force>250</optimal_force>
				</CoordinateActuator>
				<CoordinateActuator name="hip_rotation_r_actuator">
					<!--Flag indicating whether the force is disabled or not. Disabled means that the force is not active in subsequent dynamics realizations.-->
					<isDisabled>false</isDisabled>
					<!--Minimum allowed value for control signal. Used primarily when solving for control values.-->
					<min_control>-Inf</min_control>
					<!--Maximum allowed value for control signal. Used primarily when solving for control values.-->
					<max_control>Inf</max_control>
					<!--Name of the generalized coordinate to which the actuator applies.-->
					<coordinate>hip_rotation_r</coordinate>
					<!--The maximum generalized force produced by this actuator.-->
					<optimal_force>250</optimal_force>
				</CoordinateActuator>
				<CoordinateActuator name="knee_angle_r_beta_actuator">
					<!--Flag indicating whether the force is disabled or not. Disabled means that the force is not active in subsequent dynamics realizations.-->
					<isDisabled>false</isDisabled>
					<!--Minimum allowed value for control signal. Used primarily when solving for control values.-->
					<min_control>-Inf</min_control>
					<!--Maximum allowed value for control signal. Used primarily when solving for control values.-->
					<max_control>Inf</max_control>
					<!--Name of the generalized coordinate to which the actuator applies.-->
					<coordinate>knee_angle_r_beta</coordinate>
					<!--The maximum generalized force produced by this actuator.-->
					<optimal_force>100</optimal_force>
				</CoordinateActuator>
				<CoordinateActuator name="knee_angle_r_actuator">
					<!--Flag indicating whether the force is disabled or not. Disabled means that the force is not active in subsequent dynamics realizations.-->
					<isDisabled>false</isDisabled>
					<!--Minimum allowed value for control signal. Used primarily when solving for control values.-->
					<min_control>-Inf</min_control>
					<!--Maximum allowed value for control signal. Used primarily when solving for control values.-->
					<max_control>Inf</max_control>
					<!--Name of the generalized coordinate to which the actuator applies.-->
					<coordinate>knee_angle_r</coordinate>
					<!--The maximum generalized force produced by this actuator.-->
					<optimal_force>350</optimal_force>
				</CoordinateActuator>
				<CoordinateActuator name="ankle_rx_r_actuator">
					<!--Flag indicating whether the force is disabled or not. Disabled means that the force is not active in subsequent dynamics realizations.-->
					<isDisabled>false</isDisabled>
					<!--Minimum allowed value for control signal. Used primarily when solving for control values.-->
					<min_control>-Inf</min_control>
					<!--Maximum allowed value for control signal. Used primarily when solving for control values.-->
					<max_control>Inf</max_control>
					<!--Name of the generalized coordinate to which the actuator applies.-->
					<coordinate>ankle_rx_r</coordinate>
					<!--The maximum generalized force produced by this actuator.-->
					<optimal_force>1000</optimal_force>
				</CoordinateActuator>
				<CoordinateActuator name="ankle_ry_r_actuator">
					<!--Flag indicating whether the force is disabled or not. Disabled means that the force is not active in subsequent dynamics realizations.-->
					<isDisabled>false</isDisabled>
					<!--Minimum allowed value for control signal. Used primarily when solving for control values.-->
					<min_control>-Inf</min_control>
					<!--Maximum allowed value for control signal. Used primarily when solving for control values.-->
					<max_control>Inf</max_control>
					<!--Name of the generalized coordinate to which the actuator applies.-->
					<coordinate>ankle_ry_r</coordinate>
					<!--The maximum generalized force produced by this actuator.-->
					<optimal_force>1000</optimal_force>
				</CoordinateActuator>
				<CoordinateActuator name="ankle_rz_r_actuator">
					<!--Flag indicating whether the force is disabled or not. Disabled means that the force is not active in subsequent dynamics realizations.-->
					<isDisabled>false</isDisabled>
					<!--Minimum allowed value for control signal. Used primarily when solving for control values.-->
					<min_control>-Inf</min_control>
					<!--Maximum allowed value for control signal. Used primarily when solving for control values.-->
					<max_control>Inf</max_control>
					<!--Name of the generalized coordinate to which the actuator applies.-->
					<coordinate>ankle_rz_r</coordinate>
					<!--The maximum generalized force produced by this actuator.-->
					<optimal_force>1000</optimal_force>
				</CoordinateActuator>
				
				<CoordinateActuator name="subtalar_angle_r_actuator">
					<!--Flag indicating whether the force is disabled or not. Disabled means that the force is not active in subsequent dynamics realizations.-->
					<isDisabled>false</isDisabled>
					<!--Minimum allowed value for control signal. Used primarily when solving for control values.-->
					<min_control>-Inf</min_control>
					<!--Maximum allowed value for control signal. Used primarily when solving for control values.-->
					<max_control>Inf</max_control>
					<!--Name of the generalized coordinate to which the actuator applies.-->
					<coordinate>subtalar_angle_r</coordinate>
					<!--The maximum generalized force produced by this actuator.-->
					<optimal_force>100</optimal_force>
				</CoordinateActuator>
				<CoordinateActuator name="mtp_angle_r_actuator">
					<!--Flag indicating whether the force is disabled or not. Disabled means that the force is not active in subsequent dynamics realizations.-->
					<isDisabled>false</isDisabled>
					<!--Minimum allowed value for control signal. Used primarily when solving for control values.-->
					<min_control>-Inf</min_control>
					<!--Maximum allowed value for control signal. Used primarily when solving for control values.-->
					<max_control>Inf</max_control>
					<!--Name of the generalized coordinate to which the actuator applies.-->
					<coordinate>mtp_angle_r</coordinate>
					<!--The maximum generalized force produced by this actuator.-->
					<optimal_force>100</optimal_force>
				</CoordinateActuator>
				
				<CoordinateActuator name="hip_flexion_l_actuator">
					<!--Flag indicating whether the force is disabled or not. Disabled means that the force is not active in subsequent dynamics realizations.-->
					<isDisabled>false</isDisabled>
					<!--Minimum allowed value for control signal. Used primarily when solving for control values.-->
					<min_control>-Inf</min_control>
					<!--Maximum allowed value for control signal. Used primarily when solving for control values.-->
					<max_control>Inf</max_control>
					<!--Name of the generalized coordinate to which the actuator applies.-->
					<coordinate>hip_flexion_l</coordinate>
					<!--The maximum generalized force produced by this actuator.-->
					<optimal_force>1000</optimal_force>
				</CoordinateActuator>
				<CoordinateActuator name="hip_adduction_l_actuator">
					<!--Flag indicating whether the force is disabled or not. Disabled means that the force is not active in subsequent dynamics realizations.-->
					<isDisabled>false</isDisabled>
					<!--Minimum allowed value for control signal. Used primarily when solving for control values.-->
					<min_control>-Inf</min_control>
					<!--Maximum allowed value for control signal. Used primarily when solving for control values.-->
					<max_control>Inf</max_control>
					<!--Name of the generalized coordinate to which the actuator applies.-->
					<coordinate>hip_adduction_l</coordinate>
					<!--The maximum generalized force produced by this actuator.-->
					<optimal_force>250</optimal_force>
				</CoordinateActuator>
				<CoordinateActuator name="hip_rotation_l_actuator">
					<!--Flag indicating whether the force is disabled or not. Disabled means that the force is not active in subsequent dynamics realizations.-->
					<isDisabled>false</isDisabled>
					<!--Minimum allowed value for control signal. Used primarily when solving for control values.-->
					<min_control>-Inf</min_control>
					<!--Maximum allowed value for control signal. Used primarily when solving for control values.-->
					<max_control>Inf</max_control>
					<!--Name of the generalized coordinate to which the actuator applies.-->
					<coordinate>hip_rotation_l</coordinate>
					<!--The maximum generalized force produced by this actuator.-->
					<optimal_force>250</optimal_force>
				</CoordinateActuator>
				<CoordinateActuator name="knee_angle_l_beta_actuator">
					<!--Flag indicating whether the force is disabled or not. Disabled means that the force is not active in subsequent dynamics realizations.-->
					<isDisabled>false</isDisabled>
					<!--Minimum allowed value for control signal. Used primarily when solving for control values.-->
					<min_control>-Inf</min_control>
					<!--Maximum allowed value for control signal. Used primarily when solving for control values.-->
					<max_control>Inf</max_control>
					<!--Name of the generalized coordinate to which the actuator applies.-->
					<coordinate>knee_angle_l_beta</coordinate>
					<!--The maximum generalized force produced by this actuator.-->
					<optimal_force>100</optimal_force>
				</CoordinateActuator>
				<CoordinateActuator name="knee_angle_l_actuator">
					<!--Flag indicating whether the force is disabled or not. Disabled means that the force is not active in subsequent dynamics realizations.-->
					<isDisabled>false</isDisabled>
					<!--Minimum allowed value for control signal. Used primarily when solving for control values.-->
					<min_control>-Inf</min_control>
					<!--Maximum allowed value for control signal. Used primarily when solving for control values.-->
					<max_control>Inf</max_control>
					<!--Name of the generalized coordinate to which the actuator applies.-->
					<coordinate>knee_angle_l</coordinate>
					<!--The maximum generalized force produced by this actuator.-->
					<optimal_force>350</optimal_force>
				</CoordinateActuator>
				<CoordinateActuator name="ankle_rx_l_actuator">
					<!--Flag indicating whether the force is disabled or not. Disabled means that the force is not active in subsequent dynamics realizations.-->
					<isDisabled>false</isDisabled>
					<!--Minimum allowed value for control signal. Used primarily when solving for control values.-->
					<min_control>-Inf</min_control>
					<!--Maximum allowed value for control signal. Used primarily when solving for control values.-->
					<max_control>Inf</max_control>
					<!--Name of the generalized coordinate to which the actuator applies.-->
					<coordinate>ankle_rx_l</coordinate>
					<!--The maximum generalized force produced by this actuator.-->
					<optimal_force>1000</optimal_force>
				</CoordinateActuator>
				<CoordinateActuator name="ankle_ry_l_actuator">
					<!--Flag indicating whether the force is disabled or not. Disabled means that the force is not active in subsequent dynamics realizations.-->
					<isDisabled>false</isDisabled>
					<!--Minimum allowed value for control signal. Used primarily when solving for control values.-->
					<min_control>-Inf</min_control>
					<!--Maximum allowed value for control signal. Used primarily when solving for control values.-->
					<max_control>Inf</max_control>
					<!--Name of the generalized coordinate to which the actuator applies.-->
					<coordinate>ankle_ry_l</coordinate>
					<!--The maximum generalized force produced by this actuator.-->
					<optimal_force>1000</optimal_force>
				</CoordinateActuator>
				<CoordinateActuator name="ankle_rz_l_actuator">
					<!--Flag indicating whether the force is disabled or not. Disabled means that the force is not active in subsequent dynamics realizations.-->
					<isDisabled>false</isDisabled>
					<!--Minimum allowed value for control signal. Used primarily when solving for control values.-->
					<min_control>-Inf</min_control>
					<!--Maximum allowed value for control signal. Used primarily when solving for control values.-->
					<max_control>Inf</max_control>
					<!--Name of the generalized coordinate to which the actuator applies.-->
					<coordinate>ankle_rz_l</coordinate>
					<!--The maximum generalized force produced by this actuator.-->
					<optimal_force>1000</optimal_force>
				</CoordinateActuator>
				<CoordinateActuator name="subtalar_angle_l_actuator">
					<!--Flag indicating whether the force is disabled or not. Disabled means that the force is not active in subsequent dynamics realizations.-->
					<isDisabled>false</isDisabled>
					<!--Minimum allowed value for control signal. Used primarily when solving for control values.-->
					<min_control>-Inf</min_control>
					<!--Maximum allowed value for control signal. Used primarily when solving for control values.-->
					<max_control>Inf</max_control>
					<!--Name of the generalized coordinate to which the actuator applies.-->
					<coordinate>subtalar_angle_l</coordinate>
					<!--The maximum generalized force produced by this actuator.-->
					<optimal_force>100</optimal_force>
				</CoordinateActuator>
				<CoordinateActuator name="mtp_angle_l_actuator">
					<!--Flag indicating whether the force is disabled or not. Disabled means that the force is not active in subsequent dynamics realizations.-->
					<isDisabled>false</isDisabled>
					<!--Minimum allowed value for control signal. Used primarily when solving for control values.-->
					<min_control>-Inf</min_control>
					<!--Maximum allowed value for control signal. Used primarily when solving for control values.-->
					<max_control>Inf</max_control>
					<!--Name of the generalized coordinate to which the actuator applies.-->
					<coordinate>mtp_angle_l</coordinate>
					<!--The maximum generalized force produced by this actuator.-->
					<optimal_force>100</optimal_force>
				</CoordinateActuator>
				
				<!-- Legs end -->
				
                <!-- FE start -->
				<CoordinateActuator name="L5_S1_FE_actuator">
					<!--Flag indicating whether the force is disabled or not. Disabled means that the force is not active in subsequent dynamics realizations.-->
					<isDisabled>false</isDisabled>
					<!--Minimum allowed value for control signal. Used primarily when solving for control values.-->
					<min_control>-Inf</min_control>
					<!--Maximum allowed value for control signal. Used primarily when solving for control values.-->
					<max_control>Inf</max_control>
					<!--Name of the generalized coordinate to which the actuator applies.-->
					<coordinate>L5_S1_FE</coordinate>
					<!--The maximum generalized force produced by this actuator.-->
					<optimal_force>10</optimal_force>
				</CoordinateActuator>
				<CoordinateActuator name="L4_L5_FE_actuator">
					<!--Flag indicating whether the force is disabled or not. Disabled means that the force is not active in subsequent dynamics realizations.-->
					<isDisabled>false</isDisabled>
					<!--Minimum allowed value for control signal. Used primarily when solving for control values.-->
					<min_control>-Inf</min_control>
					<!--Maximum allowed value for control signal. Used primarily when solving for control values.-->
					<max_control>Inf</max_control>
					<!--Name of the generalized coordinate to which the actuator applies.-->
					<coordinate>L4_L5_FE</coordinate>
					<!--The maximum generalized force produced by this actuator.-->
					<optimal_force>10</optimal_force>
				</CoordinateActuator>
				<CoordinateActuator name="L3_L4_FE_actuator">
					<!--Flag indicating whether the force is disabled or not. Disabled means that the force is not active in subsequent dynamics realizations.-->
					<isDisabled>false</isDisabled>
					<!--Minimum allowed value for control signal. Used primarily when solving for control values.-->
					<min_control>-Inf</min_control>
					<!--Maximum allowed value for control signal. Used primarily when solving for control values.-->
					<max_control>Inf</max_control>
					<!--Name of the generalized coordinate to which the actuator applies.-->
					<coordinate>L3_L4_FE</coordinate>
					<!--The maximum generalized force produced by this actuator.-->
					<optimal_force>10</optimal_force>
				</CoordinateActuator>
				<CoordinateActuator name="L2_L3_FE_actuator">
					<!--Flag indicating whether the force is disabled or not. Disabled means that the force is not active in subsequent dynamics realizations.-->
					<isDisabled>false</isDisabled>
					<!--Minimum allowed value for control signal. Used primarily when solving for control values.-->
					<min_control>-Inf</min_control>
					<!--Maximum allowed value for control signal. Used primarily when solving for control values.-->
					<max_control>Inf</max_control>
					<!--Name of the generalized coordinate to which the actuator applies.-->
					<coordinate>L2_L3_FE</coordinate>
					<!--The maximum generalized force produced by this actuator.-->
					<optimal_force>10</optimal_force>
				</CoordinateActuator>
				<CoordinateActuator name="L1_L2_FE_actuator">
					<!--Flag indicating whether the force is disabled or not. Disabled means that the force is not active in subsequent dynamics realizations.-->
					<isDisabled>false</isDisabled>
					<!--Minimum allowed value for control signal. Used primarily when solving for control values.-->
					<min_control>-Inf</min_control>
					<!--Maximum allowed value for control signal. Used primarily when solving for control values.-->
					<max_control>Inf</max_control>
					<!--Name of the generalized coordinate to which the actuator applies.-->
					<coordinate>L1_L2_FE</coordinate>
					<!--The maximum generalized force produced by this actuator.-->
					<optimal_force>10</optimal_force>
				</CoordinateActuator>
				<CoordinateActuator name="T12_L1_FE_actuator">
					<!--Flag indicating whether the force is disabled or not. Disabled means that the force is not active in subsequent dynamics realizations.-->
					<isDisabled>false</isDisabled>
					<!--Minimum allowed value for control signal. Used primarily when solving for control values.-->
					<min_control>-Inf</min_control>
					<!--Maximum allowed value for control signal. Used primarily when solving for control values.-->
					<max_control>Inf</max_control>
					<!--Name of the generalized coordinate to which the actuator applies.-->
					<coordinate>T12_L1_FE</coordinate>
					<!--The maximum generalized force produced by this actuator.-->
					<optimal_force>10</optimal_force>
				</CoordinateActuator>
				<CoordinateActuator name="T11_T12_FE_actuator">
					<!--Flag indicating whether the force is disabled or not. Disabled means that the force is not active in subsequent dynamics realizations.-->
					<isDisabled>false</isDisabled>
					<!--Minimum allowed value for control signal. Used primarily when solving for control values.-->
					<min_control>-Inf</min_control>
					<!--Maximum allowed value for control signal. Used primarily when solving for control values.-->
					<max_control>Inf</max_control>
					<!--Name of the generalized coordinate to which the actuator applies.-->
					<coordinate>T11_T12_FE</coordinate>
					<!--The maximum generalized force produced by this actuator.-->
					<optimal_force>10</optimal_force>
				</CoordinateActuator>
				<CoordinateActuator name="T10_T11_FE_actuator">
					<!--Flag indicating whether the force is disabled or not. Disabled means that the force is not active in subsequent dynamics realizations.-->
					<isDisabled>false</isDisabled>
					<!--Minimum allowed value for control signal. Used primarily when solving for control values.-->
					<min_control>-Inf</min_control>
					<!--Maximum allowed value for control signal. Used primarily when solving for control values.-->
					<max_control>Inf</max_control>
					<!--Name of the generalized coordinate to which the actuator applies.-->
					<coordinate>T10_T11_FE</coordinate>
					<!--The maximum generalized force produced by this actuator.-->
					<optimal_force>10</optimal_force>
				</CoordinateActuator>
				<CoordinateActuator name="T9_T10_FE_actuator">
					<!--Flag indicating whether the force is disabled or not. Disabled means that the force is not active in subsequent dynamics realizations.-->
					<isDisabled>false</isDisabled>
					<!--Minimum allowed value for control signal. Used primarily when solving for control values.-->
					<min_control>-Inf</min_control>
					<!--Maximum allowed value for control signal. Used primarily when solving for control values.-->
					<max_control>Inf</max_control>
					<!--Name of the generalized coordinate to which the actuator applies.-->
					<coordinate>T9_T10_FE</coordinate>
					<!--The maximum generalized force produced by this actuator.-->
					<optimal_force>10</optimal_force>
				</CoordinateActuator>
				<CoordinateActuator name="T8_T9_FE_actuator">
					<!--Flag indicating whether the force is disabled or not. Disabled means that the force is not active in subsequent dynamics realizations.-->
					<isDisabled>false</isDisabled>
					<!--Minimum allowed value for control signal. Used primarily when solving for control values.-->
					<min_control>-Inf</min_control>
					<!--Maximum allowed value for control signal. Used primarily when solving for control values.-->
					<max_control>Inf</max_control>
					<!--Name of the generalized coordinate to which the actuator applies.-->
					<coordinate>T8_T9_FE</coordinate>
					<!--The maximum generalized force produced by this actuator.-->
					<optimal_force>10</optimal_force>
				</CoordinateActuator>
				<CoordinateActuator name="T7_T8_FE_actuator">
					<!--Flag indicating whether the force is disabled or not. Disabled means that the force is not active in subsequent dynamics realizations.-->
					<isDisabled>false</isDisabled>
					<!--Minimum allowed value for control signal. Used primarily when solving for control values.-->
					<min_control>-Inf</min_control>
					<!--Maximum allowed value for control signal. Used primarily when solving for control values.-->
					<max_control>Inf</max_control>
					<!--Name of the generalized coordinate to which the actuator applies.-->
					<coordinate>T7_T8_FE</coordinate>
					<!--The maximum generalized force produced by this actuator.-->
					<optimal_force>10</optimal_force>
				</CoordinateActuator>
				<CoordinateActuator name="T6_T7_FE_actuator">
					<!--Flag indicating whether the force is disabled or not. Disabled means that the force is not active in subsequent dynamics realizations.-->
					<isDisabled>false</isDisabled>
					<!--Minimum allowed value for control signal. Used primarily when solving for control values.-->
					<min_control>-Inf</min_control>
					<!--Maximum allowed value for control signal. Used primarily when solving for control values.-->
					<max_control>Inf</max_control>
					<!--Name of the generalized coordinate to which the actuator applies.-->
					<coordinate>T6_T7_FE</coordinate>
					<!--The maximum generalized force produced by this actuator.-->
					<optimal_force>10</optimal_force>
				</CoordinateActuator>
				<CoordinateActuator name="T5_T6_FE_actuator">
					<!--Flag indicating whether the force is disabled or not. Disabled means that the force is not active in subsequent dynamics realizations.-->
					<isDisabled>false</isDisabled>
					<!--Minimum allowed value for control signal. Used primarily when solving for control values.-->
					<min_control>-Inf</min_control>
					<!--Maximum allowed value for control signal. Used primarily when solving for control values.-->
					<max_control>Inf</max_control>
					<!--Name of the generalized coordinate to which the actuator applies.-->
					<coordinate>T5_T6_FE</coordinate>
					<!--The maximum generalized force produced by this actuator.-->
					<optimal_force>10</optimal_force>
				</CoordinateActuator>
				<CoordinateActuator name="T4_T5_FE_actuator">
					<!--Flag indicating whether the force is disabled or not. Disabled means that the force is not active in subsequent dynamics realizations.-->
					<isDisabled>false</isDisabled>
					<!--Minimum allowed value for control signal. Used primarily when solving for control values.-->
					<min_control>-Inf</min_control>
					<!--Maximum allowed value for control signal. Used primarily when solving for control values.-->
					<max_control>Inf</max_control>
					<!--Name of the generalized coordinate to which the actuator applies.-->
					<coordinate>T4_T5_FE</coordinate>
					<!--The maximum generalized force produced by this actuator.-->
					<optimal_force>10</optimal_force>
				</CoordinateActuator>
				<CoordinateActuator name="T3_T4_FE_actuator">
					<!--Flag indicating whether the force is disabled or not. Disabled means that the force is not active in subsequent dynamics realizations.-->
					<isDisabled>false</isDisabled>
					<!--Minimum allowed value for control signal. Used primarily when solving for control values.-->
					<min_control>-Inf</min_control>
					<!--Maximum allowed value for control signal. Used primarily when solving for control values.-->
					<max_control>Inf</max_control>
					<!--Name of the generalized coordinate to which the actuator applies.-->
					<coordinate>T3_T4_FE</coordinate>
					<!--The maximum generalized force produced by this actuator.-->
					<optimal_force>10</optimal_force>
				</CoordinateActuator>
				<CoordinateActuator name="T2_T3_FE_actuator">
					<!--Flag indicating whether the force is disabled or not. Disabled means that the force is not active in subsequent dynamics realizations.-->
					<isDisabled>false</isDisabled>
					<!--Minimum allowed value for control signal. Used primarily when solving for control values.-->
					<min_control>-Inf</min_control>
					<!--Maximum allowed value for control signal. Used primarily when solving for control values.-->
					<max_control>Inf</max_control>
					<!--Name of the generalized coordinate to which the actuator applies.-->
					<coordinate>T2_T3_FE</coordinate>
					<!--The maximum generalized force produced by this actuator.-->
					<optimal_force>10</optimal_force>
				</CoordinateActuator>
				<CoordinateActuator name="T1_T2_FE_actuator">
					<!--Flag indicating whether the force is disabled or not. Disabled means that the force is not active in subsequent dynamics realizations.-->
					<isDisabled>false</isDisabled>
					<!--Minimum allowed value for control signal. Used primarily when solving for control values.-->
					<min_control>-Inf</min_control>
					<!--Maximum allowed value for control signal. Used primarily when solving for control values.-->
					<max_control>Inf</max_control>
					<!--Name of the generalized coordinate to which the actuator applies.-->
					<coordinate>T1_T2_FE</coordinate>
					<!--The maximum generalized force produced by this actuator.-->
					<optimal_force>10</optimal_force>
				</CoordinateActuator>
                <!-- FE end -->
                
                <!-- AR start -->
				<CoordinateActuator name="L5_S1_AR_actuator">
					<!--Flag indicating whether the force is disabled or not. Disabled means that the force is not active in subsequent dynamics realizations.-->
					<isDisabled>false</isDisabled>
					<!--Minimum allowed value for control signal. Used primarily when solving for control values.-->
					<min_control>-Inf</min_control>
					<!--Maximum allowed value for control signal. Used primarily when solving for control values.-->
					<max_control>Inf</max_control>
					<!--Name of the generalized coordinate to which the actuator applies.-->
					<coordinate>L5_S1_AR</coordinate>
					<!--The maximum generalized force produced by this actuator.-->
					<optimal_force>5</optimal_force>
				</CoordinateActuator>
				<CoordinateActuator name="L4_L5_AR_actuator">
					<!--Flag indicating whether the force is disabled or not. Disabled means that the force is not active in subsequent dynamics realizations.-->
					<isDisabled>false</isDisabled>
					<!--Minimum allowed value for control signal. Used primarily when solving for control values.-->
					<min_control>-Inf</min_control>
					<!--Maximum allowed value for control signal. Used primarily when solving for control values.-->
					<max_control>Inf</max_control>
					<!--Name of the generalized coordinate to which the actuator applies.-->
					<coordinate>L4_L5_AR</coordinate>
					<!--The maximum generalized force produced by this actuator.-->
					<optimal_force>5</optimal_force>
				</CoordinateActuator>
				<CoordinateActuator name="L3_L4_AR_actuator">
					<!--Flag indicating whether the force is disabled or not. Disabled means that the force is not active in subsequent dynamics realizations.-->
					<isDisabled>false</isDisabled>
					<!--Minimum allowed value for control signal. Used primarily when solving for control values.-->
					<min_control>-Inf</min_control>
					<!--Maximum allowed value for control signal. Used primarily when solving for control values.-->
					<max_control>Inf</max_control>
					<!--Name of the generalized coordinate to which the actuator applies.-->
					<coordinate>L3_L4_AR</coordinate>
					<!--The maximum generalized force produced by this actuator.-->
					<optimal_force>5</optimal_force>
				</CoordinateActuator>
				<CoordinateActuator name="L2_L3_AR_actuator">
					<!--Flag indicating whether the force is disabled or not. Disabled means that the force is not active in subsequent dynamics realizations.-->
					<isDisabled>false</isDisabled>
					<!--Minimum allowed value for control signal. Used primarily when solving for control values.-->
					<min_control>-Inf</min_control>
					<!--Maximum allowed value for control signal. Used primarily when solving for control values.-->
					<max_control>Inf</max_control>
					<!--Name of the generalized coordinate to which the actuator applies.-->
					<coordinate>L2_L3_AR</coordinate>
					<!--The maximum generalized force produced by this actuator.-->
					<optimal_force>5</optimal_force>
				</CoordinateActuator>
				<CoordinateActuator name="L1_L2_AR_actuator">
					<!--Flag indicating whether the force is disabled or not. Disabled means that the force is not active in subsequent dynamics realizations.-->
					<isDisabled>false</isDisabled>
					<!--Minimum allowed value for control signal. Used primarily when solving for control values.-->
					<min_control>-Inf</min_control>
					<!--Maximum allowed value for control signal. Used primarily when solving for control values.-->
					<max_control>Inf</max_control>
					<!--Name of the generalized coordinate to which the actuator applies.-->
					<coordinate>L1_L2_AR</coordinate>
					<!--The maximum generalized force produced by this actuator.-->
					<optimal_force>5</optimal_force>
				</CoordinateActuator>
				<CoordinateActuator name="T12_L1_AR_actuator">
					<!--Flag indicating whether the force is disabled or not. Disabled means that the force is not active in subsequent dynamics realizations.-->
					<isDisabled>false</isDisabled>
					<!--Minimum allowed value for control signal. Used primarily when solving for control values.-->
					<min_control>-Inf</min_control>
					<!--Maximum allowed value for control signal. Used primarily when solving for control values.-->
					<max_control>Inf</max_control>
					<!--Name of the generalized coordinate to which the actuator applies.-->
					<coordinate>T12_L1_AR</coordinate>
					<!--The maximum generalized force produced by this actuator.-->
					<optimal_force>5</optimal_force>
				</CoordinateActuator>
				<CoordinateActuator name="T11_T12_AR_actuator">
					<!--Flag indicating whether the force is disabled or not. Disabled means that the force is not active in subsequent dynamics realizations.-->
					<isDisabled>false</isDisabled>
					<!--Minimum allowed value for control signal. Used primarily when solving for control values.-->
					<min_control>-Inf</min_control>
					<!--Maximum allowed value for control signal. Used primarily when solving for control values.-->
					<max_control>Inf</max_control>
					<!--Name of the generalized coordinate to which the actuator applies.-->
					<coordinate>T11_T12_AR</coordinate>
					<!--The maximum generalized force produced by this actuator.-->
					<optimal_force>5</optimal_force>
				</CoordinateActuator>
				<CoordinateActuator name="T10_T11_AR_actuator">
					<!--Flag indicating whether the force is disabled or not. Disabled means that the force is not active in subsequent dynamics realizations.-->
					<isDisabled>false</isDisabled>
					<!--Minimum allowed value for control signal. Used primarily when solving for control values.-->
					<min_control>-Inf</min_control>
					<!--Maximum allowed value for control signal. Used primarily when solving for control values.-->
					<max_control>Inf</max_control>
					<!--Name of the generalized coordinate to which the actuator applies.-->
					<coordinate>T10_T11_AR</coordinate>
					<!--The maximum generalized force produced by this actuator.-->
					<optimal_force>5</optimal_force>
				</CoordinateActuator>
				<CoordinateActuator name="T9_T10_AR_actuator">
					<!--Flag indicating whether the force is disabled or not. Disabled means that the force is not active in subsequent dynamics realizations.-->
					<isDisabled>false</isDisabled>
					<!--Minimum allowed value for control signal. Used primarily when solving for control values.-->
					<min_control>-Inf</min_control>
					<!--Maximum allowed value for control signal. Used primarily when solving for control values.-->
					<max_control>Inf</max_control>
					<!--Name of the generalized coordinate to which the actuator applies.-->
					<coordinate>T9_T10_AR</coordinate>
					<!--The maximum generalized force produced by this actuator.-->
					<optimal_force>5</optimal_force>
				</CoordinateActuator>
				<CoordinateActuator name="T8_T9_AR_actuator">
					<!--Flag indicating whether the force is disabled or not. Disabled means that the force is not active in subsequent dynamics realizations.-->
					<isDisabled>false</isDisabled>
					<!--Minimum allowed value for control signal. Used primarily when solving for control values.-->
					<min_control>-Inf</min_control>
					<!--Maximum allowed value for control signal. Used primarily when solving for control values.-->
					<max_control>Inf</max_control>
					<!--Name of the generalized coordinate to which the actuator applies.-->
					<coordinate>T8_T9_AR</coordinate>
					<!--The maximum generalized force produced by this actuator.-->
					<optimal_force>5</optimal_force>
				</CoordinateActuator>
				<CoordinateActuator name="T7_T8_AR_actuator">
					<!--Flag indicating whether the force is disabled or not. Disabled means that the force is not active in subsequent dynamics realizations.-->
					<isDisabled>false</isDisabled>
					<!--Minimum allowed value for control signal. Used primarily when solving for control values.-->
					<min_control>-Inf</min_control>
					<!--Maximum allowed value for control signal. Used primarily when solving for control values.-->
					<max_control>Inf</max_control>
					<!--Name of the generalized coordinate to which the actuator applies.-->
					<coordinate>T7_T8_AR</coordinate>
					<!--The maximum generalized force produced by this actuator.-->
					<optimal_force>5</optimal_force>
				</CoordinateActuator>
				<CoordinateActuator name="T6_T7_AR_actuator">
					<!--Flag indicating whether the force is disabled or not. Disabled means that the force is not active in subsequent dynamics realizations.-->
					<isDisabled>false</isDisabled>
					<!--Minimum allowed value for control signal. Used primarily when solving for control values.-->
					<min_control>-Inf</min_control>
					<!--Maximum allowed value for control signal. Used primarily when solving for control values.-->
					<max_control>Inf</max_control>
					<!--Name of the generalized coordinate to which the actuator applies.-->
					<coordinate>T6_T7_AR</coordinate>
					<!--The maximum generalized force produced by this actuator.-->
					<optimal_force>5</optimal_force>
				</CoordinateActuator>
				<CoordinateActuator name="T5_T6_AR_actuator">
					<!--Flag indicating whether the force is disabled or not. Disabled means that the force is not active in subsequent dynamics realizations.-->
					<isDisabled>false</isDisabled>
					<!--Minimum allowed value for control signal. Used primarily when solving for control values.-->
					<min_control>-Inf</min_control>
					<!--Maximum allowed value for control signal. Used primarily when solving for control values.-->
					<max_control>Inf</max_control>
					<!--Name of the generalized coordinate to which the actuator applies.-->
					<coordinate>T5_T6_AR</coordinate>
					<!--The maximum generalized force produced by this actuator.-->
					<optimal_force>5</optimal_force>
				</CoordinateActuator>
				<CoordinateActuator name="T4_T5_AR_actuator">
					<!--Flag indicating whether the force is disabled or not. Disabled means that the force is not active in subsequent dynamics realizations.-->
					<isDisabled>false</isDisabled>
					<!--Minimum allowed value for control signal. Used primarily when solving for control values.-->
					<min_control>-Inf</min_control>
					<!--Maximum allowed value for control signal. Used primarily when solving for control values.-->
					<max_control>Inf</max_control>
					<!--Name of the generalized coordinate to which the actuator applies.-->
					<coordinate>T4_T5_AR</coordinate>
					<!--The maximum generalized force produced by this actuator.-->
					<optimal_force>5</optimal_force>
				</CoordinateActuator>
				<CoordinateActuator name="T3_T4_AR_actuator">
					<!--Flag indicating whether the force is disabled or not. Disabled means that the force is not active in subsequent dynamics realizations.-->
					<isDisabled>false</isDisabled>
					<!--Minimum allowed value for control signal. Used primarily when solving for control values.-->
					<min_control>-Inf</min_control>
					<!--Maximum allowed value for control signal. Used primarily when solving for control values.-->
					<max_control>Inf</max_control>
					<!--Name of the generalized coordinate to which the actuator applies.-->
					<coordinate>T3_T4_AR</coordinate>
					<!--The maximum generalized force produced by this actuator.-->
					<optimal_force>5</optimal_force>
				</CoordinateActuator>
				<CoordinateActuator name="T2_T3_AR_actuator">
					<!--Flag indicating whether the force is disabled or not. Disabled means that the force is not active in subsequent dynamics realizations.-->
					<isDisabled>false</isDisabled>
					<!--Minimum allowed value for control signal. Used primarily when solving for control values.-->
					<min_control>-Inf</min_control>
					<!--Maximum allowed value for control signal. Used primarily when solving for control values.-->
					<max_control>Inf</max_control>
					<!--Name of the generalized coordinate to which the actuator applies.-->
					<coordinate>T2_T3_AR</coordinate>
					<!--The maximum generalized force produced by this actuator.-->
					<optimal_force>5</optimal_force>
				</CoordinateActuator>
				<CoordinateActuator name="T1_T2_AR_actuator">
					<!--Flag indicating whether the force is disabled or not. Disabled means that the force is not active in subsequent dynamics realizations.-->
					<isDisabled>false</isDisabled>
					<!--Minimum allowed value for control signal. Used primarily when solving for control values.-->
					<min_control>-Inf</min_control>
					<!--Maximum allowed value for control signal. Used primarily when solving for control values.-->
					<max_control>Inf</max_control>
					<!--Name of the generalized coordinate to which the actuator applies.-->
					<coordinate>T1_T2_AR</coordinate>
					<!--The maximum generalized force produced by this actuator.-->
					<optimal_force>5</optimal_force>
				</CoordinateActuator>
                <!-- AR end -->
                
                <!-- LB start -->
				<CoordinateActuator name="L5_S1_LB_actuator">
					<!--Flag indicating whether the force is disabled or not. Disabled means that the force is not active in subsequent dynamics realizations.-->
					<isDisabled>false</isDisabled>
					<!--Minimum allowed value for control signal. Used primarily when solving for control values.-->
					<min_control>-Inf</min_control>
					<!--Maximum allowed value for control signal. Used primarily when solving for control values.-->
					<max_control>Inf</max_control>
					<!--Name of the generalized coordinate to which the actuator applies.-->
					<coordinate>L5_S1_LB</coordinate>
					<!--The maximum generalized force produced by this actuator.-->
					<optimal_force>5</optimal_force>
				</CoordinateActuator>
				<CoordinateActuator name="L4_L5_LB_actuator">
					<!--Flag indicating whether the force is disabled or not. Disabled means that the force is not active in subsequent dynamics realizations.-->
					<isDisabled>false</isDisabled>
					<!--Minimum allowed value for control signal. Used primarily when solving for control values.-->
					<min_control>-Inf</min_control>
					<!--Maximum allowed value for control signal. Used primarily when solving for control values.-->
					<max_control>Inf</max_control>
					<!--Name of the generalized coordinate to which the actuator applies.-->
					<coordinate>L4_L5_LB</coordinate>
					<!--The maximum generalized force produced by this actuator.-->
					<optimal_force>5</optimal_force>
				</CoordinateActuator>
				<CoordinateActuator name="L3_L4_LB_actuator">
					<!--Flag indicating whether the force is disabled or not. Disabled means that the force is not active in subsequent dynamics realizations.-->
					<isDisabled>false</isDisabled>
					<!--Minimum allowed value for control signal. Used primarily when solving for control values.-->
					<min_control>-Inf</min_control>
					<!--Maximum allowed value for control signal. Used primarily when solving for control values.-->
					<max_control>Inf</max_control>
					<!--Name of the generalized coordinate to which the actuator applies.-->
					<coordinate>L3_L4_LB</coordinate>
					<!--The maximum generalized force produced by this actuator.-->
					<optimal_force>5</optimal_force>
				</CoordinateActuator>
				<CoordinateActuator name="L2_L3_LB_actuator">
					<!--Flag indicating whether the force is disabled or not. Disabled means that the force is not active in subsequent dynamics realizations.-->
					<isDisabled>false</isDisabled>
					<!--Minimum allowed value for control signal. Used primarily when solving for control values.-->
					<min_control>-Inf</min_control>
					<!--Maximum allowed value for control signal. Used primarily when solving for control values.-->
					<max_control>Inf</max_control>
					<!--Name of the generalized coordinate to which the actuator applies.-->
					<coordinate>L2_L3_LB</coordinate>
					<!--The maximum generalized force produced by this actuator.-->
					<optimal_force>5</optimal_force>
				</CoordinateActuator>
				<CoordinateActuator name="L1_L2_LB_actuator">
					<!--Flag indicating whether the force is disabled or not. Disabled means that the force is not active in subsequent dynamics realizations.-->
					<isDisabled>false</isDisabled>
					<!--Minimum allowed value for control signal. Used primarily when solving for control values.-->
					<min_control>-Inf</min_control>
					<!--Maximum allowed value for control signal. Used primarily when solving for control values.-->
					<max_control>Inf</max_control>
					<!--Name of the generalized coordinate to which the actuator applies.-->
					<coordinate>L1_L2_LB</coordinate>
					<!--The maximum generalized force produced by this actuator.-->
					<optimal_force>5</optimal_force>
				</CoordinateActuator>
				<CoordinateActuator name="T12_L1_LB_actuator">
					<!--Flag indicating whether the force is disabled or not. Disabled means that the force is not active in subsequent dynamics realizations.-->
					<isDisabled>false</isDisabled>
					<!--Minimum allowed value for control signal. Used primarily when solving for control values.-->
					<min_control>-Inf</min_control>
					<!--Maximum allowed value for control signal. Used primarily when solving for control values.-->
					<max_control>Inf</max_control>
					<!--Name of the generalized coordinate to which the actuator applies.-->
					<coordinate>T12_L1_LB</coordinate>
					<!--The maximum generalized force produced by this actuator.-->
					<optimal_force>5</optimal_force>
				</CoordinateActuator>
				<CoordinateActuator name="T11_T12_LB_actuator">
					<!--Flag indicating whether the force is disabled or not. Disabled means that the force is not active in subsequent dynamics realizations.-->
					<isDisabled>false</isDisabled>
					<!--Minimum allowed value for control signal. Used primarily when solving for control values.-->
					<min_control>-Inf</min_control>
					<!--Maximum allowed value for control signal. Used primarily when solving for control values.-->
					<max_control>Inf</max_control>
					<!--Name of the generalized coordinate to which the actuator applies.-->
					<coordinate>T11_T12_LB</coordinate>
					<!--The maximum generalized force produced by this actuator.-->
					<optimal_force>5</optimal_force>
				</CoordinateActuator>
				<CoordinateActuator name="T10_T11_LB_actuator">
					<!--Flag indicating whether the force is disabled or not. Disabled means that the force is not active in subsequent dynamics realizations.-->
					<isDisabled>false</isDisabled>
					<!--Minimum allowed value for control signal. Used primarily when solving for control values.-->
					<min_control>-Inf</min_control>
					<!--Maximum allowed value for control signal. Used primarily when solving for control values.-->
					<max_control>Inf</max_control>
					<!--Name of the generalized coordinate to which the actuator applies.-->
					<coordinate>T10_T11_LB</coordinate>
					<!--The maximum generalized force produced by this actuator.-->
					<optimal_force>5</optimal_force>
				</CoordinateActuator>
				<CoordinateActuator name="T9_T10_LB_actuator">
					<!--Flag indicating whether the force is disabled or not. Disabled means that the force is not active in subsequent dynamics realizations.-->
					<isDisabled>false</isDisabled>
					<!--Minimum allowed value for control signal. Used primarily when solving for control values.-->
					<min_control>-Inf</min_control>
					<!--Maximum allowed value for control signal. Used primarily when solving for control values.-->
					<max_control>Inf</max_control>
					<!--Name of the generalized coordinate to which the actuator applies.-->
					<coordinate>T9_T10_LB</coordinate>
					<!--The maximum generalized force produced by this actuator.-->
					<optimal_force>5</optimal_force>
				</CoordinateActuator>
				<CoordinateActuator name="T8_T9_LB_actuator">
					<!--Flag indicating whether the force is disabled or not. Disabled means that the force is not active in subsequent dynamics realizations.-->
					<isDisabled>false</isDisabled>
					<!--Minimum allowed value for control signal. Used primarily when solving for control values.-->
					<min_control>-Inf</min_control>
					<!--Maximum allowed value for control signal. Used primarily when solving for control values.-->
					<max_control>Inf</max_control>
					<!--Name of the generalized coordinate to which the actuator applies.-->
					<coordinate>T8_T9_LB</coordinate>
					<!--The maximum generalized force produced by this actuator.-->
					<optimal_force>5</optimal_force>
				</CoordinateActuator>
				<CoordinateActuator name="T7_T8_LB_actuator">
					<!--Flag indicating whether the force is disabled or not. Disabled means that the force is not active in subsequent dynamics realizations.-->
					<isDisabled>false</isDisabled>
					<!--Minimum allowed value for control signal. Used primarily when solving for control values.-->
					<min_control>-Inf</min_control>
					<!--Maximum allowed value for control signal. Used primarily when solving for control values.-->
					<max_control>Inf</max_control>
					<!--Name of the generalized coordinate to which the actuator applies.-->
					<coordinate>T7_T8_LB</coordinate>
					<!--The maximum generalized force produced by this actuator.-->
					<optimal_force>5</optimal_force>
				</CoordinateActuator>
				<CoordinateActuator name="T6_T7_LB_actuator">
					<!--Flag indicating whether the force is disabled or not. Disabled means that the force is not active in subsequent dynamics realizations.-->
					<isDisabled>false</isDisabled>
					<!--Minimum allowed value for control signal. Used primarily when solving for control values.-->
					<min_control>-Inf</min_control>
					<!--Maximum allowed value for control signal. Used primarily when solving for control values.-->
					<max_control>Inf</max_control>
					<!--Name of the generalized coordinate to which the actuator applies.-->
					<coordinate>T6_T7_LB</coordinate>
					<!--The maximum generalized force produced by this actuator.-->
					<optimal_force>5</optimal_force>
				</CoordinateActuator>
				<CoordinateActuator name="T5_T6_LB_actuator">
					<!--Flag indicating whether the force is disabled or not. Disabled means that the force is not active in subsequent dynamics realizations.-->
					<isDisabled>false</isDisabled>
					<!--Minimum allowed value for control signal. Used primarily when solving for control values.-->
					<min_control>-Inf</min_control>
					<!--Maximum allowed value for control signal. Used primarily when solving for control values.-->
					<max_control>Inf</max_control>
					<!--Name of the generalized coordinate to which the actuator applies.-->
					<coordinate>T5_T6_LB</coordinate>
					<!--The maximum generalized force produced by this actuator.-->
					<optimal_force>5</optimal_force>
				</CoordinateActuator>
				<CoordinateActuator name="T4_T5_LB_actuator">
					<!--Flag indicating whether the force is disabled or not. Disabled means that the force is not active in subsequent dynamics realizations.-->
					<isDisabled>false</isDisabled>
					<!--Minimum allowed value for control signal. Used primarily when solving for control values.-->
					<min_control>-Inf</min_control>
					<!--Maximum allowed value for control signal. Used primarily when solving for control values.-->
					<max_control>Inf</max_control>
					<!--Name of the generalized coordinate to which the actuator applies.-->
					<coordinate>T4_T5_LB</coordinate>
					<!--The maximum generalized force produced by this actuator.-->
					<optimal_force>5</optimal_force>
				</CoordinateActuator>
				<CoordinateActuator name="T3_T4_LB_actuator">
					<!--Flag indicating whether the force is disabled or not. Disabled means that the force is not active in subsequent dynamics realizations.-->
					<isDisabled>false</isDisabled>
					<!--Minimum allowed value for control signal. Used primarily when solving for control values.-->
					<min_control>-Inf</min_control>
					<!--Maximum allowed value for control signal. Used primarily when solving for control values.-->
					<max_control>Inf</max_control>
					<!--Name of the generalized coordinate to which the actuator applies.-->
					<coordinate>T3_T4_LB</coordinate>
					<!--The maximum generalized force produced by this actuator.-->
					<optimal_force>5</optimal_force>
				</CoordinateActuator>
				<CoordinateActuator name="T2_T3_LB_actuator">
					<!--Flag indicating whether the force is disabled or not. Disabled means that the force is not active in subsequent dynamics realizations.-->
					<isDisabled>false</isDisabled>
					<!--Minimum allowed value for control signal. Used primarily when solving for control values.-->
					<min_control>-Inf</min_control>
					<!--Maximum allowed value for control signal. Used primarily when solving for control values.-->
					<max_control>Inf</max_control>
					<!--Name of the generalized coordinate to which the actuator applies.-->
					<coordinate>T2_T3_LB</coordinate>
					<!--The maximum generalized force produced by this actuator.-->
					<optimal_force>5</optimal_force>
				</CoordinateActuator>
				<CoordinateActuator name="T1_T2_LB_actuator">
					<!--Flag indicating whether the force is disabled or not. Disabled means that the force is not active in subsequent dynamics realizations.-->
					<isDisabled>false</isDisabled>
					<!--Minimum allowed value for control signal. Used primarily when solving for control values.-->
					<min_control>-Inf</min_control>
					<!--Maximum allowed value for control signal. Used primarily when solving for control values.-->
					<max_control>Inf</max_control>
					<!--Name of the generalized coordinate to which the actuator applies.-->
					<coordinate>T1_T2_LB</coordinate>
					<!--The maximum generalized force produced by this actuator.-->
					<optimal_force>5</optimal_force>
				</CoordinateActuator>
                <!-- LB end -->
                
				<!-- Arms start -->
				<CoordinateActuator name="shoulder_elv_r_actuator">
					<!--Flag indicating whether the force is disabled or not. Disabled means that the force is not active in subsequent dynamics realizations.-->
					<isDisabled>false</isDisabled>
					<!--Minimum allowed value for control signal. Used primarily when solving for control values.-->
					<min_control>-Inf</min_control>
					<!--Maximum allowed value for control signal. Used primarily when solving for control values.-->
					<max_control>Inf</max_control>
					<!--Name of the generalized coordinate to which the actuator applies.-->
					<coordinate>shoulder_elv_r</coordinate>
					<!--The maximum generalized force produced by this actuator.-->
					<optimal_force>50</optimal_force>
				</CoordinateActuator>
				<CoordinateActuator name="shoulder_rot_r_actuator">
					<!--Flag indicating whether the force is disabled or not. Disabled means that the force is not active in subsequent dynamics realizations.-->
					<isDisabled>false</isDisabled>
					<!--Minimum allowed value for control signal. Used primarily when solving for control values.-->
					<min_control>-Inf</min_control>
					<!--Maximum allowed value for control signal. Used primarily when solving for control values.-->
					<max_control>Inf</max_control>
					<!--Name of the generalized coordinate to which the actuator applies.-->
					<coordinate>shoulder_rot_r</coordinate>
					<!--The maximum generalized force produced by this actuator.-->
					<optimal_force>50</optimal_force>
				</CoordinateActuator>
				<CoordinateActuator name="elv_angle_r_actuator">
					<!--Flag indicating whether the force is disabled or not. Disabled means that the force is not active in subsequent dynamics realizations.-->
					<isDisabled>false</isDisabled>
					<!--Minimum allowed value for control signal. Used primarily when solving for control values.-->
					<min_control>-Inf</min_control>
					<!--Maximum allowed value for control signal. Used primarily when solving for control values.-->
					<max_control>Inf</max_control>
					<!--Name of the generalized coordinate to which the actuator applies.-->
					<coordinate>elv_angle_r</coordinate>
					<!--The maximum generalized force produced by this actuator.-->
					<optimal_force>50</optimal_force>
				</CoordinateActuator>
				<CoordinateActuator name="elbow_R_actuator">
					<!--Flag indicating whether the force is disabled or not. Disabled means that the force is not active in subsequent dynamics realizations.-->
					<isDisabled>false</isDisabled>
					<!--Minimum allowed value for control signal. Used primarily when solving for control values.-->
					<min_control>-Inf</min_control>
					<!--Maximum allowed value for control signal. Used primarily when solving for control values.-->
					<max_control>Inf</max_control>
					<!--Name of the generalized coordinate to which the actuator applies.-->
					<coordinate>elbow_flexion_r</coordinate>
					<!--The maximum generalized force produced by this actuator.-->
					<optimal_force>50</optimal_force>
				</CoordinateActuator>
				<CoordinateActuator name="radioulnar_R_actuator">
					<!--Flag indicating whether the force is disabled or not. Disabled means that the force is not active in subsequent dynamics realizations.-->
					<isDisabled>false</isDisabled>
					<!--Minimum allowed value for control signal. Used primarily when solving for control values.-->
					<min_control>-Inf</min_control>
					<!--Maximum allowed value for control signal. Used primarily when solving for control values.-->
					<max_control>Inf</max_control>
					<!--Name of the generalized coordinate to which the actuator applies.-->
					<coordinate>pro_sup_r</coordinate>
					<!--The maximum generalized force produced by this actuator.-->
					<optimal_force>50</optimal_force>
				</CoordinateActuator>
				<CoordinateActuator name="wrist_flex_r_actuator">
					<!--Flag indicating whether the force is disabled or not. Disabled means that the force is not active in subsequent dynamics realizations.-->
					<isDisabled>false</isDisabled>
					<!--Minimum allowed value for control signal. Used primarily when solving for control values.-->
					<min_control>-Inf</min_control>
					<!--Maximum allowed value for control signal. Used primarily when solving for control values.-->
					<max_control>Inf</max_control>
					<!--Name of the generalized coordinate to which the actuator applies.-->
					<coordinate>wrist_flex_r</coordinate>
					<!--The maximum generalized force produced by this actuator.-->
					<optimal_force>50</optimal_force>
				</CoordinateActuator>
				<CoordinateActuator name="wrist_dev_r_actuator">
					<!--Flag indicating whether the force is disabled or not. Disabled means that the force is not active in subsequent dynamics realizations.-->
					<isDisabled>false</isDisabled>
					<!--Minimum allowed value for control signal. Used primarily when solving for control values.-->
					<min_control>-Inf</min_control>
					<!--Maximum allowed value for control signal. Used primarily when solving for control values.-->
					<max_control>Inf</max_control>
					<!--Name of the generalized coordinate to which the actuator applies.-->
					<coordinate>wrist_dev_r</coordinate>
					<!--The maximum generalized force produced by this actuator.-->
					<optimal_force>50</optimal_force>
				</CoordinateActuator>
				<CoordinateActuator name="wrist_rot_r_actuator">
					<!--Flag indicating whether the force is disabled or not. Disabled means that the force is not active in subsequent dynamics realizations.-->
					<isDisabled>false</isDisabled>
					<!--Minimum allowed value for control signal. Used primarily when solving for control values.-->
					<min_control>-Inf</min_control>
					<!--Maximum allowed value for control signal. Used primarily when solving for control values.-->
					<max_control>Inf</max_control>
					<!--Name of the generalized coordinate to which the actuator applies.-->
					<coordinate>wrist_rot_r</coordinate>
					<!--The maximum generalized force produced by this actuator.-->
					<optimal_force>50</optimal_force>
				</CoordinateActuator>
				
				
				<CoordinateActuator name="shoulder_elv_l_actuator">
					<!--Flag indicating whether the force is disabled or not. Disabled means that the force is not active in subsequent dynamics realizations.-->
					<isDisabled>false</isDisabled>
					<!--Minimum allowed value for control signal. Used primarily when solving for control values.-->
					<min_control>-Inf</min_control>
					<!--Maximum allowed value for control signal. Used primarily when solving for control values.-->
					<max_control>Inf</max_control>
					<!--Name of the generalized coordinate to which the actuator applies.-->
					<coordinate>shoulder_elv_l</coordinate>
					<!--The maximum generalized force produced by this actuator.-->
					<optimal_force>50</optimal_force>
				</CoordinateActuator>
				<CoordinateActuator name="shoulder_rot_l_actuator">
					<!--Flag indicating whether the force is disabled or not. Disabled means that the force is not active in subsequent dynamics realizations.-->
					<isDisabled>false</isDisabled>
					<!--Minimum allowed value for control signal. Used primarily when solving for control values.-->
					<min_control>-Inf</min_control>
					<!--Maximum allowed value for control signal. Used primarily when solving for control values.-->
					<max_control>Inf</max_control>
					<!--Name of the generalized coordinate to which the actuator applies.-->
					<coordinate>shoulder_rot_l</coordinate>
					<!--The maximum generalized force produced by this actuator.-->
					<optimal_force>50</optimal_force>
				</CoordinateActuator>
				<CoordinateActuator name="elv_angle_l_actuator">
					<!--Flag indicating whether the force is disabled or not. Disabled means that the force is not active in subsequent dynamics realizations.-->
					<isDisabled>false</isDisabled>
					<!--Minimum allowed value for control signal. Used primarily when solving for control values.-->
					<min_control>-Inf</min_control>
					<!--Maximum allowed value for control signal. Used primarily when solving for control values.-->
					<max_control>Inf</max_control>
					<!--Name of the generalized coordinate to which the actuator applies.-->
					<coordinate>elv_angle_l</coordinate>
					<!--The maximum generalized force produced by this actuator.-->
					<optimal_force>50</optimal_force>
				</CoordinateActuator>
				<CoordinateActuator name="elbow_L_actuator">
					<!--Flag indicating whether the force is disabled or not. Disabled means that the force is not active in subsequent dynamics realizations.-->
					<isDisabled>false</isDisabled>
					<!--Minimum allowed value for control signal. Used primarily when solving for control values.-->
					<min_control>-Inf</min_control>
					<!--Maximum allowed value for control signal. Used primarily when solving for control values.-->
					<max_control>Inf</max_control>
					<!--Name of the generalized coordinate to which the actuator applies.-->
					<coordinate>elbow_flexion_l</coordinate>
					<!--The maximum generalized force produced by this actuator.-->
					<optimal_force>50</optimal_force>
				</CoordinateActuator>
				<CoordinateActuator name="radioulnar_L_actuator">
					<!--Flag indicating whether the force is disabled or not. Disabled means that the force is not active in subsequent dynamics realizations.-->
					<isDisabled>false</isDisabled>
					<!--Minimum allowed value for control signal. Used primarily when solving for control values.-->
					<min_control>-Inf</min_control>
					<!--Maximum allowed value for control signal. Used primarily when solving for control values.-->
					<max_control>Inf</max_control>
					<!--Name of the generalized coordinate to which the actuator applies.-->
					<coordinate>pro_sup_l</coordinate>
					<!--The maximum generalized force produced by this actuator.-->
					<optimal_force>50</optimal_force>
				</CoordinateActuator>
				<CoordinateActuator name="wrist_flex_l_actuator">
					<!--Flag indicating whether the force is disabled or not. Disabled means that the force is not active in subsequent dynamics realizations.-->
					<isDisabled>false</isDisabled>
					<!--Minimum allowed value for control signal. Used primarily when solving for control values.-->
					<min_control>-Inf</min_control>
					<!--Maximum allowed value for control signal. Used primarily when solving for control values.-->
					<max_control>Inf</max_control>
					<!--Name of the generalized coordinate to which the actuator applies.-->
					<coordinate>wrist_flex_l</coordinate>
					<!--The maximum generalized force produced by this actuator.-->
					<optimal_force>50</optimal_force>
				</CoordinateActuator>
				<CoordinateActuator name="wrist_dev_l_actuator">
					<!--Flag indicating whether the force is disabled or not. Disabled means that the force is not active in subsequent dynamics realizations.-->
					<isDisabled>false</isDisabled>
					<!--Minimum allowed value for control signal. Used primarily when solving for control values.-->
					<min_control>-Inf</min_control>
					<!--Maximum allowed value for control signal. Used primarily when solving for control values.-->
					<max_control>Inf</max_control>
					<!--Name of the generalized coordinate to which the actuator applies.-->
					<coordinate>wrist_dev_l</coordinate>
					<!--The maximum generalized force produced by this actuator.-->
					<optimal_force>50</optimal_force>
				</CoordinateActuator>
				<CoordinateActuator name="wrist_rot_l_actuator">
					<!--Flag indicating whether the force is disabled or not. Disabled means that the force is not active in subsequent dynamics realizations.-->
					<isDisabled>false</isDisabled>
					<!--Minimum allowed value for control signal. Used primarily when solving for control values.-->
					<min_control>-Inf</min_control>
					<!--Maximum allowed value for control signal. Used primarily when solving for control values.-->
					<max_control>Inf</max_control>
					<!--Name of the generalized coordinate to which the actuator applies.-->
					<coordinate>wrist_rot_l</coordinate>
					<!--The maximum generalized force produced by this actuator.-->
					<optimal_force>50</optimal_force>
				</CoordinateActuator>
				
				<!-- Arms end -->
				
				
				
			

				
			
		</objects>
		<groups />
	</ForceSet>
</OpenSimDocument>
