<?xml version="1.0" encoding="UTF-8" ?>
<OpenSimDocument Version="30000">
	<ForceSet name="MySpine_Reserve_Actuators">
		<objects>
        <!-- Actuators on the base segement are called Residual actuators 
             whose forces account for the errors in the model, its kinematic
             that do not balance with experimental ground reaction forces -->
			 
				<!-- Pelvis start -->
				<PointActuator name="FX">
				 <!--Flag indicating whether the force is disabled or not. Disabled means that the force is not active in subsequent dynamics realizations.-->
				 <isDisabled>false</isDisabled>
				 <!--Minimum allowed value for control signal. Used primarily when solving for control values.-->
				 <min_control>-Inf</min_control>
				 <!--Maximum allowed value for control signal. Used primarily when solving for control values.-->
				 <max_control>Inf</max_control>
				 <!--Name of Body to which this actuator is applied.-->
				 <body>pelvis</body>
				 <!--Location of application point; in body frame unless point_is_global=true-->
				 <point>-0.0881953 0 0</point>
				 <!--Interpret point in Ground frame if true; otherwise, body frame.-->
				 <point_is_global>false</point_is_global>
				 <!--Force application direction; in body frame unless force_is_global=true.-->
				 <direction>1 0 0</direction>
				 <!--Interpret direction in Ground frame if true; otherwise, body frame.-->
				 <force_is_global>true</force_is_global>
				 <!--The maximum force produced by this actuator when fully activated.-->
				 <optimal_force>50</optimal_force>
				 </PointActuator>
				<PointActuator name="FY">
				 <!--Flag indicating whether the force is disabled or not. Disabled means that the force is not active in subsequent dynamics realizations.-->
				 <isDisabled>false</isDisabled>
				 <!--Minimum allowed value for control signal. Used primarily when solving for control values.-->
				 <min_control>-Inf</min_control>
				 <!--Maximum allowed value for control signal. Used primarily when solving for control values.-->
				 <max_control>Inf</max_control>
				 <!--Name of Body to which this actuator is applied.-->
				 <body>pelvis</body>
				 <!--Location of application point; in body frame unless point_is_global=true-->
				 <point>-0.0881953 0 0</point>
				 <!--Interpret point in Ground frame if true; otherwise, body frame.-->
				 <point_is_global>false</point_is_global>
				 <!--Force application direction; in body frame unless force_is_global=true.-->
				 <direction>0 1 0</direction>
				 <!--Interpret direction in Ground frame if true; otherwise, body frame.-->
				 <force_is_global>true</force_is_global>
				 <!--The maximum force produced by this actuator when fully activated.-->
				 <optimal_force>50</optimal_force>
				 </PointActuator>
				<PointActuator name="FZ">
				 <!--Flag indicating whether the force is disabled or not. Disabled means that the force is not active in subsequent dynamics realizations.-->
				 <isDisabled>false</isDisabled>
				 <!--Minimum allowed value for control signal. Used primarily when solving for control values.-->
				 <min_control>-Inf</min_control>
				 <!--Maximum allowed value for control signal. Used primarily when solving for control values.-->
				 <max_control>Inf</max_control>
				 <!--Name of Body to which this actuator is applied.-->
				 <body>pelvis</body>
				 <!--Location of application point; in body frame unless point_is_global=true-->
				 <point>-0.0881953 0 0</point>
				 <!--Interpret point in Ground frame if true; otherwise, body frame.-->
				 <point_is_global>false</point_is_global>
				 <!--Force application direction; in body frame unless force_is_global=true.-->
				 <direction>0 0 1</direction>
				 <!--Interpret direction in Ground frame if true; otherwise, body frame.-->
				 <force_is_global>true</force_is_global>
				 <!--The maximum force produced by this actuator when fully activated.-->
				 <optimal_force>50</optimal_force>
				 </PointActuator>
				<TorqueActuator name="MX">
				 <!--Flag indicating whether the force is disabled or not. Disabled means that the force is not active in subsequent dynamics realizations.-->
				 <isDisabled>false</isDisabled>
				 <!--Minimum allowed value for control signal. Used primarily when solving for control values.-->
				 <min_control>-Inf</min_control>
				 <!--Maximum allowed value for control signal. Used primarily when solving for control values.-->
				 <max_control>Inf</max_control>
				 <!--Name of Body to which the torque actuator is applied.-->
				 <bodyA>pelvis</bodyA>
				 <!--Name of Body to which the equal and opposite torque is applied.-->
				 <bodyB>ground</bodyB>
				 <!--Interpret axis in Ground frame if true; otherwise, body A's frame.-->
				 <torque_is_global>true</torque_is_global>
				 <!--Fixed direction about which torque is applied, in Ground or body A frame depending on 'torque_is_global' property.-->
				 <axis>1 0 0</axis>
				 <!--The maximum torque produced by this actuator when fully activated.-->
				 <optimal_force>20</optimal_force>
				 </TorqueActuator>
 				<TorqueActuator name="MY">
				 <!--Flag indicating whether the force is disabled or not. Disabled means that the force is not active in subsequent dynamics realizations.-->
				 <isDisabled>false</isDisabled>
				 <!--Minimum allowed value for control signal. Used primarily when solving for control values.-->
				 <min_control>-Inf</min_control>
				 <!--Maximum allowed value for control signal. Used primarily when solving for control values.-->
				 <max_control>Inf</max_control>
				 <!--Name of Body to which the torque actuator is applied.-->
				 <bodyA>pelvis</bodyA>
				 <!--Name of Body to which the equal and opposite torque is applied.-->
				 <bodyB>ground</bodyB>
				 <!--Interpret axis in Ground frame if true; otherwise, body A's frame.-->
				 <torque_is_global>true</torque_is_global>
				 <!--Fixed direction about which torque is applied, in Ground or body A frame depending on 'torque_is_global' property.-->
				 <axis>0 1 0</axis>
				 <!--The maximum torque produced by this actuator when fully activated.-->
				 <optimal_force>20</optimal_force>
				 </TorqueActuator>
 				<TorqueActuator name="MZ">
				 <!--Flag indicating whether the force is disabled or not. Disabled means that the force is not active in subsequent dynamics realizations.-->
				 <isDisabled>false</isDisabled>
				 <!--Minimum allowed value for control signal. Used primarily when solving for control values.-->
				 <min_control>-Inf</min_control>
				 <!--Maximum allowed value for control signal. Used primarily when solving for control values.-->
				 <max_control>Inf</max_control>
				 <!--Name of Body to which the torque actuator is applied.-->
				 <bodyA>pelvis</bodyA>
				 <!--Name of Body to which the equal and opposite torque is applied.-->
				 <bodyB>ground</bodyB>
				 <!--Interpret axis in Ground frame if true; otherwise, body A's frame.-->
				 <torque_is_global>true</torque_is_global>
				 <!--Fixed direction about which torque is applied, in Ground or body A frame depending on 'torque_is_global' property.-->
				 <axis>0 0 1</axis>
				 <!--The maximum torque produced by this actuator when fully activated.-->
				 <optimal_force>20</optimal_force>
				 </TorqueActuator>
 				
			
				<!-- Pelvis end -->
				
				<!-- Abs start -->
				<CoordinateActuator name="Abs_r3_actuator">
					<!--Flag indicating whether the force is disabled or not. Disabled means that the force is not active in subsequent dynamics realizations.-->
					<isDisabled>false</isDisabled>
					<!--Minimum allowed value for control signal. Used primarily when solving for control values.-->
					<min_control>-Inf</min_control>
					<!--Maximum allowed value for control signal. Used primarily when solving for control values.-->
					<max_control>Inf</max_control>
					<!--Name of the generalized coordinate to which the actuator applies.-->
					<coordinate>Abs_r3</coordinate>
					<!--The maximum generalized force produced by this actuator.-->
					<optimal_force>20</optimal_force>
				</CoordinateActuator>
				<CoordinateActuator name="Abs_r2_actuator">
					<!--Flag indicating whether the force is disabled or not. Disabled means that the force is not active in subsequent dynamics realizations.-->
					<isDisabled>false</isDisabled>
					<!--Minimum allowed value for control signal. Used primarily when solving for control values.-->
					<min_control>-Inf</min_control>
					<!--Maximum allowed value for control signal. Used primarily when solving for control values.-->
					<max_control>Inf</max_control>
					<!--Name of the generalized coordinate to which the actuator applies.-->
					<coordinate>Abs_r2</coordinate>
					<!--The maximum generalized force produced by this actuator.-->
					<optimal_force>20</optimal_force>
				</CoordinateActuator>
				<CoordinateActuator name="Abs_r1_actuator">
					<!--Flag indicating whether the force is disabled or not. Disabled means that the force is not active in subsequent dynamics realizations.-->
					<isDisabled>false</isDisabled>
					<!--Minimum allowed value for control signal. Used primarily when solving for control values.-->
					<min_control>-Inf</min_control>
					<!--Maximum allowed value for control signal. Used primarily when solving for control values.-->
					<max_control>Inf</max_control>
					<!--Name of the generalized coordinate to which the actuator applies.-->
					<coordinate>Abs_r1</coordinate>
					<!--The maximum generalized force produced by this actuator.-->
					<optimal_force>20</optimal_force>
				</CoordinateActuator>
				<CoordinateActuator name="Abs_t2_actuator">
					<!--Flag indicating whether the force is disabled or not. Disabled means that the force is not active in subsequent dynamics realizations.-->
					<isDisabled>false</isDisabled>
					<!--Minimum allowed value for control signal. Used primarily when solving for control values.-->
					<min_control>-Inf</min_control>
					<!--Maximum allowed value for control signal. Used primarily when solving for control values.-->
					<max_control>Inf</max_control>
					<!--Name of the generalized coordinate to which the actuator applies.-->
					<coordinate>Abs_t2</coordinate>
					<!--The maximum generalized force produced by this actuator.-->
					<optimal_force>20</optimal_force>
				</CoordinateActuator>
				<CoordinateActuator name="Abs_t1_actuator">
					<!--Flag indicating whether the force is disabled or not. Disabled means that the force is not active in subsequent dynamics realizations.-->
					<isDisabled>false</isDisabled>
					<!--Minimum allowed value for control signal. Used primarily when solving for control values.-->
					<min_control>-Inf</min_control>
					<!--Maximum allowed value for control signal. Used primarily when solving for control values.-->
					<max_control>Inf</max_control>
					<!--Name of the generalized coordinate to which the actuator applies.-->
					<coordinate>Abs_t1</coordinate>
					<!--The maximum generalized force produced by this actuator.-->
					<optimal_force>20</optimal_force>
				</CoordinateActuator>
				
				<!-- Abs end -->
				
				<!-- Legs start -->
				<CoordinateActuator name="hip_flexion_r_actuator">
					<!--Flag indicating whether the force is disabled or not. Disabled means that the force is not active in subsequent dynamics realizations.-->
					<isDisabled>false</isDisabled>
					<!--Minimum allowed value for control signal. Used primarily when solving for control values.-->
					<min_control>-Inf</min_control>
					<!--Maximum allowed value for control signal. Used primarily when solving for control values.-->
					<max_control>Inf</max_control>
					<!--Name of the generalized coordinate to which the actuator applies.-->
					<coordinate>hip_flexion_r</coordinate>
					<!--The maximum generalized force produced by this actuator.-->
					<optimal_force>1000</optimal_force>
				</CoordinateActuator>
				<CoordinateActuator name="hip_adduction_r_actuator">
					<!--Flag indicating whether the force is disabled or not. Disabled means that the force is not active in subsequent dynamics realizations.-->
					<isDisabled>false</isDisabled>
					<!--Minimum allowed value for control signal. Used primarily when solving for control values.-->
					<min_control>-Inf</min_control>
					<!--Maximum allowed value for control signal. Used primarily when solving for control values.-->
					<max_control>Inf</max_control>
					<!--Name of the generalized coordinate to which the actuator applies.-->
					<coordinate>hip_adduction_r</coordinate>
					<!--The maximum generalized force produced by this actuator.-->
					<optimal_force>1000</optimal_force>
				</CoordinateActuator>
				<CoordinateActuator name="hip_rotation_r_actuator">
					<!--Flag indicating whether the force is disabled or not. Disabled means that the force is not active in subsequent dynamics realizations.-->
					<isDisabled>false</isDisabled>
					<!--Minimum allowed value for control signal. Used primarily when solving for control values.-->
					<min_control>-Inf</min_control>
					<!--Maximum allowed value for control signal. Used primarily when solving for control values.-->
					<max_control>Inf</max_control>
					<!--Name of the generalized coordinate to which the actuator applies.-->
					<coordinate>hip_rotation_r</coordinate>
					<!--The maximum generalized force produced by this actuator.-->
					<optimal_force>1000</optimal_force>
				</CoordinateActuator>
				<CoordinateActuator name="knee_angle_r_beta_actuator">
					<!--Flag indicating whether the force is disabled or not. Disabled means that the force is not active in subsequent dynamics realizations.-->
					<isDisabled>false</isDisabled>
					<!--Minimum allowed value for control signal. Used primarily when solving for control values.-->
					<min_control>-Inf</min_control>
					<!--Maximum allowed value for control signal. Used primarily when solving for control values.-->
					<max_control>Inf</max_control>
					<!--Name of the generalized coordinate to which the actuator applies.-->
					<coordinate>knee_angle_r_beta</coordinate>
					<!--The maximum generalized force produced by this actuator.-->
					<optimal_force>1000</optimal_force>
				</CoordinateActuator>
				<CoordinateActuator name="knee_angle_r_actuator">
					<!--Flag indicating whether the force is disabled or not. Disabled means that the force is not active in subsequent dynamics realizations.-->
					<isDisabled>false</isDisabled>
					<!--Minimum allowed value for control signal. Used primarily when solving for control values.-->
					<min_control>-Inf</min_control>
					<!--Maximum allowed value for control signal. Used primarily when solving for control values.-->
					<max_control>Inf</max_control>
					<!--Name of the generalized coordinate to which the actuator applies.-->
					<coordinate>knee_angle_r</coordinate>
					<!--The maximum generalized force produced by this actuator.-->
					<optimal_force>1000</optimal_force>
				</CoordinateActuator>
				<CoordinateActuator name="ankle_angle_r_actuator">
					<!--Flag indicating whether the force is disabled or not. Disabled means that the force is not active in subsequent dynamics realizations.-->
					<isDisabled>false</isDisabled>
					<!--Minimum allowed value for control signal. Used primarily when solving for control values.-->
					<min_control>-Inf</min_control>
					<!--Maximum allowed value for control signal. Used primarily when solving for control values.-->
					<max_control>Inf</max_control>
					<!--Name of the generalized coordinate to which the actuator applies.-->
					<coordinate>ankle_angle_r</coordinate>
					<!--The maximum generalized force produced by this actuator.-->
					<optimal_force>1000</optimal_force>
				</CoordinateActuator>
				<CoordinateActuator name="subtalar_angle_r_actuator">
					<!--Flag indicating whether the force is disabled or not. Disabled means that the force is not active in subsequent dynamics realizations.-->
					<isDisabled>false</isDisabled>
					<!--Minimum allowed value for control signal. Used primarily when solving for control values.-->
					<min_control>-Inf</min_control>
					<!--Maximum allowed value for control signal. Used primarily when solving for control values.-->
					<max_control>Inf</max_control>
					<!--Name of the generalized coordinate to which the actuator applies.-->
					<coordinate>subtalar_angle_r</coordinate>
					<!--The maximum generalized force produced by this actuator.-->
					<optimal_force>1000</optimal_force>
				</CoordinateActuator>
				<CoordinateActuator name="mtp_angle_r_actuator">
					<!--Flag indicating whether the force is disabled or not. Disabled means that the force is not active in subsequent dynamics realizations.-->
					<isDisabled>false</isDisabled>
					<!--Minimum allowed value for control signal. Used primarily when solving for control values.-->
					<min_control>-Inf</min_control>
					<!--Maximum allowed value for control signal. Used primarily when solving for control values.-->
					<max_control>Inf</max_control>
					<!--Name of the generalized coordinate to which the actuator applies.-->
					<coordinate>mtp_angle_r</coordinate>
					<!--The maximum generalized force produced by this actuator.-->
					<optimal_force>1000</optimal_force>
				</CoordinateActuator>
				
				<CoordinateActuator name="hip_flexion_l_actuator">
					<!--Flag indicating whether the force is disabled or not. Disabled means that the force is not active in subsequent dynamics realizations.-->
					<isDisabled>false</isDisabled>
					<!--Minimum allowed value for control signal. Used primarily when solving for control values.-->
					<min_control>-Inf</min_control>
					<!--Maximum allowed value for control signal. Used primarily when solving for control values.-->
					<max_control>Inf</max_control>
					<!--Name of the generalized coordinate to which the actuator applies.-->
					<coordinate>hip_flexion_l</coordinate>
					<!--The maximum generalized force produced by this actuator.-->
					<optimal_force>1000</optimal_force>
				</CoordinateActuator>
				<CoordinateActuator name="hip_adduction_l_actuator">
					<!--Flag indicating whether the force is disabled or not. Disabled means that the force is not active in subsequent dynamics realizations.-->
					<isDisabled>false</isDisabled>
					<!--Minimum allowed value for control signal. Used primarily when solving for control values.-->
					<min_control>-Inf</min_control>
					<!--Maximum allowed value for control signal. Used primarily when solving for control values.-->
					<max_control>Inf</max_control>
					<!--Name of the generalized coordinate to which the actuator applies.-->
					<coordinate>hip_adduction_l</coordinate>
					<!--The maximum generalized force produced by this actuator.-->
					<optimal_force>1000</optimal_force>
				</CoordinateActuator>
				<CoordinateActuator name="hip_rotation_l_actuator">
					<!--Flag indicating whether the force is disabled or not. Disabled means that the force is not active in subsequent dynamics realizations.-->
					<isDisabled>false</isDisabled>
					<!--Minimum allowed value for control signal. Used primarily when solving for control values.-->
					<min_control>-Inf</min_control>
					<!--Maximum allowed value for control signal. Used primarily when solving for control values.-->
					<max_control>Inf</max_control>
					<!--Name of the generalized coordinate to which the actuator applies.-->
					<coordinate>hip_rotation_l</coordinate>
					<!--The maximum generalized force produced by this actuator.-->
					<optimal_force>1000</optimal_force>
				</CoordinateActuator>
				<CoordinateActuator name="knee_angle_l_beta_actuator">
					<!--Flag indicating whether the force is disabled or not. Disabled means that the force is not active in subsequent dynamics realizations.-->
					<isDisabled>false</isDisabled>
					<!--Minimum allowed value for control signal. Used primarily when solving for control values.-->
					<min_control>-Inf</min_control>
					<!--Maximum allowed value for control signal. Used primarily when solving for control values.-->
					<max_control>Inf</max_control>
					<!--Name of the generalized coordinate to which the actuator applies.-->
					<coordinate>knee_angle_l_beta</coordinate>
					<!--The maximum generalized force produced by this actuator.-->
					<optimal_force>1000</optimal_force>
				</CoordinateActuator>
				<CoordinateActuator name="knee_angle_l_actuator">
					<!--Flag indicating whether the force is disabled or not. Disabled means that the force is not active in subsequent dynamics realizations.-->
					<isDisabled>false</isDisabled>
					<!--Minimum allowed value for control signal. Used primarily when solving for control values.-->
					<min_control>-Inf</min_control>
					<!--Maximum allowed value for control signal. Used primarily when solving for control values.-->
					<max_control>Inf</max_control>
					<!--Name of the generalized coordinate to which the actuator applies.-->
					<coordinate>knee_angle_l</coordinate>
					<!--The maximum generalized force produced by this actuator.-->
					<optimal_force>1000</optimal_force>
				</CoordinateActuator>
				<CoordinateActuator name="ankle_angle_l_actuator">
					<!--Flag indicating whether the force is disabled or not. Disabled means that the force is not active in subsequent dynamics realizations.-->
					<isDisabled>false</isDisabled>
					<!--Minimum allowed value for control signal. Used primarily when solving for control values.-->
					<min_control>-Inf</min_control>
					<!--Maximum allowed value for control signal. Used primarily when solving for control values.-->
					<max_control>Inf</max_control>
					<!--Name of the generalized coordinate to which the actuator applies.-->
					<coordinate>ankle_angle_l</coordinate>
					<!--The maximum generalized force produced by this actuator.-->
					<optimal_force>1000</optimal_force>
				</CoordinateActuator>
				<CoordinateActuator name="subtalar_angle_l_actuator">
					<!--Flag indicating whether the force is disabled or not. Disabled means that the force is not active in subsequent dynamics realizations.-->
					<isDisabled>false</isDisabled>
					<!--Minimum allowed value for control signal. Used primarily when solving for control values.-->
					<min_control>-Inf</min_control>
					<!--Maximum allowed value for control signal. Used primarily when solving for control values.-->
					<max_control>Inf</max_control>
					<!--Name of the generalized coordinate to which the actuator applies.-->
					<coordinate>subtalar_angle_l</coordinate>
					<!--The maximum generalized force produced by this actuator.-->
					<optimal_force>1000</optimal_force>
				</CoordinateActuator>
				<CoordinateActuator name="mtp_angle_l_actuator">
					<!--Flag indicating whether the force is disabled or not. Disabled means that the force is not active in subsequent dynamics realizations.-->
					<isDisabled>false</isDisabled>
					<!--Minimum allowed value for control signal. Used primarily when solving for control values.-->
					<min_control>-Inf</min_control>
					<!--Maximum allowed value for control signal. Used primarily when solving for control values.-->
					<max_control>Inf</max_control>
					<!--Name of the generalized coordinate to which the actuator applies.-->
					<coordinate>mtp_angle_l</coordinate>
					<!--The maximum generalized force produced by this actuator.-->
					<optimal_force>1000</optimal_force>
				</CoordinateActuator>
				
				<!-- Legs end -->
				
                <!-- FE start -->
				<CoordinateActuator name="L5_S1_Flex_Ext_actuator">
					<!--Flag indicating whether the force is disabled or not. Disabled means that the force is not active in subsequent dynamics realizations.-->
					<isDisabled>false</isDisabled>
					<!--Minimum allowed value for control signal. Used primarily when solving for control values.-->
					<min_control>-1</min_control>
					<!--Maximum allowed value for control signal. Used primarily when solving for control values.-->
					<max_control>1</max_control>
					<!--Name of the generalized coordinate to which the actuator applies.-->
					<coordinate>L5_S1_Flex_Ext</coordinate>
					<!--The maximum generalized force produced by this actuator.-->
					<optimal_force>30</optimal_force>
				</CoordinateActuator>
				<CoordinateActuator name="L4_L5_Flex_Ext_actuator">
					<!--Flag indicating whether the force is disabled or not. Disabled means that the force is not active in subsequent dynamics realizations.-->
					<isDisabled>false</isDisabled>
					<!--Minimum allowed value for control signal. Used primarily when solving for control values.-->
					<min_control>-1</min_control>
					<!--Maximum allowed value for control signal. Used primarily when solving for control values.-->
					<max_control>1</max_control>
					<!--Name of the generalized coordinate to which the actuator applies.-->
					<coordinate>L4_L5_Flex_Ext</coordinate>
					<!--The maximum generalized force produced by this actuator.-->
					<optimal_force>30</optimal_force>
				</CoordinateActuator>
				<CoordinateActuator name="L3_L4_Flex_Ext_actuator">
					<!--Flag indicating whether the force is disabled or not. Disabled means that the force is not active in subsequent dynamics realizations.-->
					<isDisabled>false</isDisabled>
					<!--Minimum allowed value for control signal. Used primarily when solving for control values.-->
					<min_control>-1</min_control>
					<!--Maximum allowed value for control signal. Used primarily when solving for control values.-->
					<max_control>1</max_control>
					<!--Name of the generalized coordinate to which the actuator applies.-->
					<coordinate>L3_L4_Flex_Ext</coordinate>
					<!--The maximum generalized force produced by this actuator.-->
					<optimal_force>30</optimal_force>
				</CoordinateActuator>
				<CoordinateActuator name="L2_L3_Flex_Ext_actuator">
					<!--Flag indicating whether the force is disabled or not. Disabled means that the force is not active in subsequent dynamics realizations.-->
					<isDisabled>false</isDisabled>
					<!--Minimum allowed value for control signal. Used primarily when solving for control values.-->
					<min_control>-1</min_control>
					<!--Maximum allowed value for control signal. Used primarily when solving for control values.-->
					<max_control>1</max_control>
					<!--Name of the generalized coordinate to which the actuator applies.-->
					<coordinate>L2_L3_Flex_Ext</coordinate>
					<!--The maximum generalized force produced by this actuator.-->
					<optimal_force>30</optimal_force>
				</CoordinateActuator>
				<CoordinateActuator name="L1_L2_Flex_Ext_actuator">
					<!--Flag indicating whether the force is disabled or not. Disabled means that the force is not active in subsequent dynamics realizations.-->
					<isDisabled>false</isDisabled>
					<!--Minimum allowed value for control signal. Used primarily when solving for control values.-->
					<min_control>-1</min_control>
					<!--Maximum allowed value for control signal. Used primarily when solving for control values.-->
					<max_control>1</max_control>
					<!--Name of the generalized coordinate to which the actuator applies.-->
					<coordinate>L1_L2_Flex_Ext</coordinate>
					<!--The maximum generalized force produced by this actuator.-->
					<optimal_force>30</optimal_force>
				</CoordinateActuator>
				<CoordinateActuator name="L1_T12_Flex_Ext_actuator">
					<!--Flag indicating whether the force is disabled or not. Disabled means that the force is not active in subsequent dynamics realizations.-->
					<isDisabled>false</isDisabled>
					<!--Minimum allowed value for control signal. Used primarily when solving for control values.-->
					<min_control>-1</min_control>
					<!--Maximum allowed value for control signal. Used primarily when solving for control values.-->
					<max_control>1</max_control>
					<!--Name of the generalized coordinate to which the actuator applies.-->
					<coordinate>L1_T12_Flex_Ext</coordinate>
					<!--The maximum generalized force produced by this actuator.-->
					<optimal_force>30</optimal_force>
				</CoordinateActuator>
				
                <!-- FE end -->
                
                <!-- AR start -->
				<CoordinateActuator name="L5_S1_axial_rotation_actuator">
					<!--Flag indicating whether the force is disabled or not. Disabled means that the force is not active in subsequent dynamics realizations.-->
					<isDisabled>false</isDisabled>
					<!--Minimum allowed value for control signal. Used primarily when solving for control values.-->
					<min_control>-1</min_control>
					<!--Maximum allowed value for control signal. Used primarily when solving for control values.-->
					<max_control>1</max_control>
					<!--Name of the generalized coordinate to which the actuator applies.-->
					<coordinate>L5_S1_axial_rotation</coordinate>
					<!--The maximum generalized force produced by this actuator.-->
					<optimal_force>30</optimal_force>
				</CoordinateActuator>
				<CoordinateActuator name="L4_L5_axial_rotation_actuator">
					<!--Flag indicating whether the force is disabled or not. Disabled means that the force is not active in subsequent dynamics realizations.-->
					<isDisabled>false</isDisabled>
					<!--Minimum allowed value for control signal. Used primarily when solving for control values.-->
					<min_control>-1</min_control>
					<!--Maximum allowed value for control signal. Used primarily when solving for control values.-->
					<max_control>1</max_control>
					<!--Name of the generalized coordinate to which the actuator applies.-->
					<coordinate>L4_L5_axial_rotation</coordinate>
					<!--The maximum generalized force produced by this actuator.-->
					<optimal_force>30</optimal_force>
				</CoordinateActuator>
				<CoordinateActuator name="L3_L4_axial_rotation_actuator">
					<!--Flag indicating whether the force is disabled or not. Disabled means that the force is not active in subsequent dynamics realizations.-->
					<isDisabled>false</isDisabled>
					<!--Minimum allowed value for control signal. Used primarily when solving for control values.-->
					<min_control>-1</min_control>
					<!--Maximum allowed value for control signal. Used primarily when solving for control values.-->
					<max_control>1</max_control>
					<!--Name of the generalized coordinate to which the actuator applies.-->
					<coordinate>L3_L4_axial_rotation</coordinate>
					<!--The maximum generalized force produced by this actuator.-->
					<optimal_force>30</optimal_force>
				</CoordinateActuator>
				<CoordinateActuator name="L2_L3_axial_rotation_actuator">
					<!--Flag indicating whether the force is disabled or not. Disabled means that the force is not active in subsequent dynamics realizations.-->
					<isDisabled>false</isDisabled>
					<!--Minimum allowed value for control signal. Used primarily when solving for control values.-->
					<min_control>-1</min_control>
					<!--Maximum allowed value for control signal. Used primarily when solving for control values.-->
					<max_control>1</max_control>
					<!--Name of the generalized coordinate to which the actuator applies.-->
					<coordinate>L2_L3_axial_rotation</coordinate>
					<!--The maximum generalized force produced by this actuator.-->
					<optimal_force>30</optimal_force>
				</CoordinateActuator>
				<CoordinateActuator name="L1_L2_axial_rotation_actuator">
					<!--Flag indicating whether the force is disabled or not. Disabled means that the force is not active in subsequent dynamics realizations.-->
					<isDisabled>false</isDisabled>
					<!--Minimum allowed value for control signal. Used primarily when solving for control values.-->
					<min_control>-1</min_control>
					<!--Maximum allowed value for control signal. Used primarily when solving for control values.-->
					<max_control>1</max_control>
					<!--Name of the generalized coordinate to which the actuator applies.-->
					<coordinate>L1_L2_axial_rotation</coordinate>
					<!--The maximum generalized force produced by this actuator.-->
					<optimal_force>30</optimal_force>
				</CoordinateActuator>
				<CoordinateActuator name="L1_T12_axial_rotation_actuator">
					<!--Flag indicating whether the force is disabled or not. Disabled means that the force is not active in subsequent dynamics realizations.-->
					<isDisabled>false</isDisabled>
					<!--Minimum allowed value for control signal. Used primarily when solving for control values.-->
					<min_control>-1</min_control>
					<!--Maximum allowed value for control signal. Used primarily when solving for control values.-->
					<max_control>1</max_control>
					<!--Name of the generalized coordinate to which the actuator applies.-->
					<coordinate>L1_T12_axial_rotation</coordinate>
					<!--The maximum generalized force produced by this actuator.-->
					<optimal_force>30</optimal_force>
				</CoordinateActuator>
				
                <!-- AR end -->
                
                <!-- Lat_Bending start -->
				<CoordinateActuator name="L5_S1_Lat_Bending_actuator">
					<!--Flag indicating whether the force is disabled or not. Disabled means that the force is not active in subsequent dynamics realizations.-->
					<isDisabled>false</isDisabled>
					<!--Minimum allowed value for control signal. Used primarily when solving for control values.-->
					<min_control>-1</min_control>
					<!--Maximum allowed value for control signal. Used primarily when solving for control values.-->
					<max_control>1</max_control>
					<!--Name of the generalized coordinate to which the actuator applies.-->
					<coordinate>L5_S1_Lat_Bending</coordinate>
					<!--The maximum generalized force produced by this actuator.-->
					<optimal_force>30</optimal_force>
				</CoordinateActuator>
				<CoordinateActuator name="L4_L5_Lat_Bending_actuator">
					<!--Flag indicating whether the force is disabled or not. Disabled means that the force is not active in subsequent dynamics realizations.-->
					<isDisabled>false</isDisabled>
					<!--Minimum allowed value for control signal. Used primarily when solving for control values.-->
					<min_control>-1</min_control>
					<!--Maximum allowed value for control signal. Used primarily when solving for control values.-->
					<max_control>1</max_control>
					<!--Name of the generalized coordinate to which the actuator applies.-->
					<coordinate>L4_L5_Lat_Bending</coordinate>
					<!--The maximum generalized force produced by this actuator.-->
					<optimal_force>30</optimal_force>
				</CoordinateActuator>
				<CoordinateActuator name="L3_L4_Lat_Bending_actuator">
					<!--Flag indicating whether the force is disabled or not. Disabled means that the force is not active in subsequent dynamics realizations.-->
					<isDisabled>false</isDisabled>
					<!--Minimum allowed value for control signal. Used primarily when solving for control values.-->
					<min_control>-1</min_control>
					<!--Maximum allowed value for control signal. Used primarily when solving for control values.-->
					<max_control>1</max_control>
					<!--Name of the generalized coordinate to which the actuator applies.-->
					<coordinate>L3_L4_Lat_Bending</coordinate>
					<!--The maximum generalized force produced by this actuator.-->
					<optimal_force>30</optimal_force>
				</CoordinateActuator>
				<CoordinateActuator name="L2_L3_Lat_Bending_actuator">
					<!--Flag indicating whether the force is disabled or not. Disabled means that the force is not active in subsequent dynamics realizations.-->
					<isDisabled>false</isDisabled>
					<!--Minimum allowed value for control signal. Used primarily when solving for control values.-->
					<min_control>-1</min_control>
					<!--Maximum allowed value for control signal. Used primarily when solving for control values.-->
					<max_control>1</max_control>
					<!--Name of the generalized coordinate to which the actuator applies.-->
					<coordinate>L2_L3_Lat_Bending</coordinate>
					<!--The maximum generalized force produced by this actuator.-->
					<optimal_force>30</optimal_force>
				</CoordinateActuator>
				<CoordinateActuator name="L1_L2_Lat_Bending_actuator">
					<!--Flag indicating whether the force is disabled or not. Disabled means that the force is not active in subsequent dynamics realizations.-->
					<isDisabled>false</isDisabled>
					<!--Minimum allowed value for control signal. Used primarily when solving for control values.-->
					<min_control>-1</min_control>
					<!--Maximum allowed value for control signal. Used primarily when solving for control values.-->
					<max_control>1</max_control>
					<!--Name of the generalized coordinate to which the actuator applies.-->
					<coordinate>L1_L2_Lat_Bending</coordinate>
					<!--The maximum generalized force produced by this actuator.-->
					<optimal_force>30</optimal_force>
				</CoordinateActuator>
				<CoordinateActuator name="L1_T12_Lat_Bending_actuator">
					<!--Flag indicating whether the force is disabled or not. Disabled means that the force is not active in subsequent dynamics realizations.-->
					<isDisabled>false</isDisabled>
					<!--Minimum allowed value for control signal. Used primarily when solving for control values.-->
					<min_control>-1</min_control>
					<!--Maximum allowed value for control signal. Used primarily when solving for control values.-->
					<max_control>1</max_control>
					<!--Name of the generalized coordinate to which the actuator applies.-->
					<coordinate>L1_T12_Lat_Bending</coordinate>
					<!--The maximum generalized force produced by this actuator.-->
					<optimal_force>30</optimal_force>
				</CoordinateActuator>
				<!-- Lat_Bending start -->
				
				<!-- Arms start -->
				<CoordinateActuator name="arm_flex_r_actuator">
					<!--Flag indicating whether the force is disabled or not. Disabled means that the force is not active in subsequent dynamics realizations.-->
					<isDisabled>false</isDisabled>
					<!--Minimum allowed value for control signal. Used primarily when solving for control values.-->
					<min_control>-Inf</min_control>
					<!--Maximum allowed value for control signal. Used primarily when solving for control values.-->
					<max_control>Inf</max_control>
					<!--Name of the generalized coordinate to which the actuator applies.-->
					<coordinate>arm_flex_r</coordinate>
					<!--The maximum generalized force produced by this actuator.-->
					<optimal_force>1000</optimal_force>
				</CoordinateActuator>
				<CoordinateActuator name="arm_add_r_actuator">
					<!--Flag indicating whether the force is disabled or not. Disabled means that the force is not active in subsequent dynamics realizations.-->
					<isDisabled>false</isDisabled>
					<!--Minimum allowed value for control signal. Used primarily when solving for control values.-->
					<min_control>-Inf</min_control>
					<!--Maximum allowed value for control signal. Used primarily when solving for control values.-->
					<max_control>Inf</max_control>
					<!--Name of the generalized coordinate to which the actuator applies.-->
					<coordinate>arm_add_r</coordinate>
					<!--The maximum generalized force produced by this actuator.-->
					<optimal_force>1000</optimal_force>
				</CoordinateActuator>
				<CoordinateActuator name="arm_rot_r_actuator">
					<!--Flag indicating whether the force is disabled or not. Disabled means that the force is not active in subsequent dynamics realizations.-->
					<isDisabled>false</isDisabled>
					<!--Minimum allowed value for control signal. Used primarily when solving for control values.-->
					<min_control>-Inf</min_control>
					<!--Maximum allowed value for control signal. Used primarily when solving for control values.-->
					<max_control>Inf</max_control>
					<!--Name of the generalized coordinate to which the actuator applies.-->
					<coordinate>arm_rot_r</coordinate>
					<!--The maximum generalized force produced by this actuator.-->
					<optimal_force>1000</optimal_force>
				</CoordinateActuator>
				<CoordinateActuator name="elbow_flex_r_actuator">
					<!--Flag indicating whether the force is disabled or not. Disabled means that the force is not active in subsequent dynamics realizations.-->
					<isDisabled>false</isDisabled>
					<!--Minimum allowed value for control signal. Used primarily when solving for control values.-->
					<min_control>-Inf</min_control>
					<!--Maximum allowed value for control signal. Used primarily when solving for control values.-->
					<max_control>Inf</max_control>
					<!--Name of the generalized coordinate to which the actuator applies.-->
					<coordinate>elbow_flex_r</coordinate>
					<!--The maximum generalized force produced by this actuator.-->
					<optimal_force>1000</optimal_force>
				</CoordinateActuator>
				<CoordinateActuator name="pro_sup_r_actuator">
					<!--Flag indicating whether the force is disabled or not. Disabled means that the force is not active in subsequent dynamics realizations.-->
					<isDisabled>false</isDisabled>
					<!--Minimum allowed value for control signal. Used primarily when solving for control values.-->
					<min_control>-Inf</min_control>
					<!--Maximum allowed value for control signal. Used primarily when solving for control values.-->
					<max_control>Inf</max_control>
					<!--Name of the generalized coordinate to which the actuator applies.-->
					<coordinate>pro_sup_r</coordinate>
					<!--The maximum generalized force produced by this actuator.-->
					<optimal_force>1000</optimal_force>
				</CoordinateActuator>
				<CoordinateActuator name="wrist_flex_r_actuator">
					<!--Flag indicating whether the force is disabled or not. Disabled means that the force is not active in subsequent dynamics realizations.-->
					<isDisabled>false</isDisabled>
					<!--Minimum allowed value for control signal. Used primarily when solving for control values.-->
					<min_control>-Inf</min_control>
					<!--Maximum allowed value for control signal. Used primarily when solving for control values.-->
					<max_control>Inf</max_control>
					<!--Name of the generalized coordinate to which the actuator applies.-->
					<coordinate>wrist_flex_r</coordinate>
					<!--The maximum generalized force produced by this actuator.-->
					<optimal_force>1000</optimal_force>
				</CoordinateActuator>
				<CoordinateActuator name="wrist_dev_r_actuator">
					<!--Flag indicating whether the force is disabled or not. Disabled means that the force is not active in subsequent dynamics realizations.-->
					<isDisabled>false</isDisabled>
					<!--Minimum allowed value for control signal. Used primarily when solving for control values.-->
					<min_control>-Inf</min_control>
					<!--Maximum allowed value for control signal. Used primarily when solving for control values.-->
					<max_control>Inf</max_control>
					<!--Name of the generalized coordinate to which the actuator applies.-->
					<coordinate>wrist_dev_r</coordinate>
					<!--The maximum generalized force produced by this actuator.-->
					<optimal_force>1000</optimal_force>
				</CoordinateActuator>
				<CoordinateActuator name="arm_flex_l_actuator">
					<!--Flag indicating whether the force is disabled or not. Disabled means that the force is not active in subsequent dynamics realizations.-->
					<isDisabled>false</isDisabled>
					<!--Minimum allowed value for control signal. Used primarily when solving for control values.-->
					<min_control>-Inf</min_control>
					<!--Maximum allowed value for control signal. Used primarily when solving for control values.-->
					<max_control>Inf</max_control>
					<!--Name of the generalized coordinate to which the actuator applies.-->
					<coordinate>arm_flex_l</coordinate>
					<!--The maximum generalized force produced by this actuator.-->
					<optimal_force>1000</optimal_force>
				</CoordinateActuator>
				<CoordinateActuator name="arm_add_l_actuator">
					<!--Flag indicating whether the force is disabled or not. Disabled means that the force is not active in subsequent dynamics realizations.-->
					<isDisabled>false</isDisabled>
					<!--Minimum allowed value for control signal. Used primarily when solving for control values.-->
					<min_control>-Inf</min_control>
					<!--Maximum allowed value for control signal. Used primarily when solving for control values.-->
					<max_control>Inf</max_control>
					<!--Name of the generalized coordinate to which the actuator applies.-->
					<coordinate>arm_add_l</coordinate>
					<!--The maximum generalized force produced by this actuator.-->
					<optimal_force>1000</optimal_force>
				</CoordinateActuator>
				<CoordinateActuator name="arm_rot_l_actuator">
					<!--Flag indicating whether the force is disabled or not. Disabled means that the force is not active in subsequent dynamics realizations.-->
					<isDisabled>false</isDisabled>
					<!--Minimum allowed value for control signal. Used primarily when solving for control values.-->
					<min_control>-Inf</min_control>
					<!--Maximum allowed value for control signal. Used primarily when solving for control values.-->
					<max_control>Inf</max_control>
					<!--Name of the generalized coordinate to which the actuator applies.-->
					<coordinate>arm_rot_l</coordinate>
					<!--The maximum generalized force produced by this actuator.-->
					<optimal_force>1000</optimal_force>
				</CoordinateActuator>
				<CoordinateActuator name="elbow_flex_l_actuator">
					<!--Flag indicating whether the force is disabled or not. Disabled means that the force is not active in subsequent dynamics realizations.-->
					<isDisabled>false</isDisabled>
					<!--Minimum allowed value for control signal. Used primarily when solving for control values.-->
					<min_control>-Inf</min_control>
					<!--Maximum allowed value for control signal. Used primarily when solving for control values.-->
					<max_control>Inf</max_control>
					<!--Name of the generalized coordinate to which the actuator applies.-->
					<coordinate>elbow_flex_l</coordinate>
					<!--The maximum generalized force produced by this actuator.-->
					<optimal_force>1000</optimal_force>
				</CoordinateActuator>
				<CoordinateActuator name="pro_sup_l_actuator">
					<!--Flag indicating whether the force is disabled or not. Disabled means that the force is not active in subsequent dynamics realizations.-->
					<isDisabled>false</isDisabled>
					<!--Minimum allowed value for control signal. Used primarily when solving for control values.-->
					<min_control>-Inf</min_control>
					<!--Maximum allowed value for control signal. Used primarily when solving for control values.-->
					<max_control>Inf</max_control>
					<!--Name of the generalized coordinate to which the actuator applies.-->
					<coordinate>pro_sup_l</coordinate>
					<!--The maximum generalized force produced by this actuator.-->
					<optimal_force>1000</optimal_force>
				</CoordinateActuator>
				<CoordinateActuator name="wrist_flex_l_actuator">
					<!--Flag indicating whether the force is disabled or not. Disabled means that the force is not active in subsequent dynamics realizations.-->
					<isDisabled>false</isDisabled>
					<!--Minimum allowed value for control signal. Used primarily when solving for control values.-->
					<min_control>-Inf</min_control>
					<!--Maximum allowed value for control signal. Used primarily when solving for control values.-->
					<max_control>Inf</max_control>
					<!--Name of the generalized coordinate to which the actuator applies.-->
					<coordinate>wrist_flex_l</coordinate>
					<!--The maximum generalized force produced by this actuator.-->
					<optimal_force>1000</optimal_force>
				</CoordinateActuator>
				<CoordinateActuator name="wrist_dev_l_actuator">
					<!--Flag indicating whether the force is disabled or not. Disabled means that the force is not active in subsequent dynamics realizations.-->
					<isDisabled>false</isDisabled>
					<!--Minimum allowed value for control signal. Used primarily when solving for control values.-->
					<min_control>-Inf</min_control>
					<!--Maximum allowed value for control signal. Used primarily when solving for control values.-->
					<max_control>Inf</max_control>
					<!--Name of the generalized coordinate to which the actuator applies.-->
					<coordinate>wrist_dev_l</coordinate>
					<!--The maximum generalized force produced by this actuator.-->
					<optimal_force>1000</optimal_force>
				</CoordinateActuator>
				
				
				
				<!-- Arms end -->
				
				
				
				
			

				
			
		</objects>
		<groups />
	</ForceSet>
</OpenSimDocument>
