<?xml version="1.0" encoding="UTF-8"?>
<OpenSimDocument Version="20302">
	<ExternalLoads name="Ex2">
		<objects>
			<ExternalForce name="righthand">
				<isDisabled> false </isDisabled>
				<!--Name of the body the force is applied to.-->
				<applied_to_body> hand_r </applied_to_body>
				<!--Name of the body the force is expressed in (default is ground).-->
				<force_expressed_in_body> ground </force_expressed_in_body>
				<!--Name of the body the point is expressed in (default is ground).-->
				<point_expressed_in_body> ground </point_expressed_in_body>
				<!--Identifier (string) to locate the force to be applied in the data
				    source.-->
				<force_identifier> Rhand_v </force_identifier>
				<!--Identifier (string) to locate the point to be applied in the data
				    source.-->
				<point_identifier> Rhand_p </point_identifier>
				<!--Identifier (string) to locate the torque to be applied in the data
				    source.-->
				<torque_identifier> Rhand_torque_ </torque_identifier>
				<!--Name of the data source (Storage) that will supply the force data.-->

			</ExternalForce>
			<ExternalForce name="lefthand">
				<isDisabled> false </isDisabled>
				<!--Name of the body the force is applied to.-->
				<applied_to_body> hand_l </applied_to_body>
				<!--Name of the body the force is expressed in (default is ground).-->
				<force_expressed_in_body> ground </force_expressed_in_body>
				<!--Name of the body the point is expressed in (default is ground).-->
				<point_expressed_in_body> ground </point_expressed_in_body>
				<!--Identifier (string) to locate the force to be applied in the data
				    source.-->
				<force_identifier> Lhand_v </force_identifier>
				<!--Identifier (string) to locate the point to be applied in the data
				    source.-->
				<point_identifier> Lhand_p </point_identifier>
				<!--Identifier (string) to locate the torque to be applied in the data
				    source.-->
				<torque_identifier> Lhand_torque_ </torque_identifier>
				<!--Name of the data source (Storage) that will supply the force data.-->

			</ExternalForce>
			<ExternalForce name="rightfoot">
				<isDisabled> false </isDisabled>
				<!--Name of the body the force is applied to.-->
				<applied_to_body> calcn_r </applied_to_body>
				<!--Name of the body the force is expressed in (default is ground).-->
				<force_expressed_in_body> ground </force_expressed_in_body>
				<!--Name of the body the point is expressed in (default is ground).-->
				<point_expressed_in_body> ground </point_expressed_in_body>
				<!--Identifier (string) to locate the force to be applied in the data
				    source.-->
				<force_identifier> ground_force2_v </force_identifier>
				<!--Identifier (string) to locate the point to be applied in the data
				    source.-->
				<point_identifier> ground_force2_p </point_identifier>
				<!--Identifier (string) to locate the torque to be applied in the data
				    source.-->
				<torque_identifier> ground_torque2_ </torque_identifier>
				<!--Name of the data source (Storage) that will supply the force data.-->

			</ExternalForce>
			<ExternalForce name="leftfoot">
				<isDisabled> false </isDisabled>
				<!--Name of the body the force is applied to.-->
				<applied_to_body> calcn_l </applied_to_body>
				<!--Name of the body the force is expressed in (default is ground).-->
				<force_expressed_in_body> ground </force_expressed_in_body>
				<!--Name of the body the point is expressed in (default is ground).-->
				<point_expressed_in_body> ground </point_expressed_in_body>
				<!--Identifier (string) to locate the force to be applied in the data
				    source.-->
				<force_identifier> ground_force1_v </force_identifier>
				<!--Identifier (string) to locate the point to be applied in the data
				    source.-->
				<point_identifier> ground_force1_p </point_identifier>
				<!--Identifier (string) to locate the torque to be applied in the data
				    source.-->
				<torque_identifier> ground_torque1_ </torque_identifier>
				<!--Name of the data source (Storage) that will supply the force data.-->

			</ExternalForce>
		
		</objects>
		<groups/>
		<!--Storage file (.sto) containing (3) components of force and/or torque and point of application.Note: this file overrides the data source specified by the individual external forces if specified.-->
		<datafile>D:\PhD\Study 2 Results and Experiments\Akhavanfar et al. (2022)- OpenSim files load-hand interac\Squat-20\Approach 1\ExtForce_App1.mot</datafile>
		<!--Optional motion file (.mot) or storage file (.sto) containing the model kinematics used to transform a point expressed in ground to the body of force application.If the point is not expressed in ground, the point is not transformed-->
		<external_loads_model_kinematics_file />
		<!--Optional low-pass cut-off frequency for filtering the model kinematics corresponding used to transform the point of application. A negative value results in no filtering. The default value is -1.0, so no filtering.-->
		<lowpass_cutoff_frequency_for_load_kinematics>-1</lowpass_cutoff_frequency_for_load_kinematics>
	</ExternalLoads>
</OpenSimDocument>

